image_path,ordor,familia,genus,species
/home/dubu/manh/dongvan-yolo/dataset-dongvan-train/train/abel/Image-203_2024-12-02.jpg,2,2,3,0
/home/dubu/manh/dongvan-yolo/dataset-dongvan-train/train/abel/Image-224_2024-12-02.jpg,2,2,3,0
/home/dubu/manh/dongvan-yolo/dataset-dongvan-train/train/abel/Image-144_2024-12-02.jpg,2,2,3,0
/home/dubu/manh/dongvan-yolo/dataset-dongvan-train/train/abel/Image-154_2024-12-02.jpg,2,2,3,0
/home/dubu/manh/dongvan-yolo/dataset-dongvan-train/train/abel/Image-218_2024-12-02.jpg,2,2,3,0
/home/dubu/manh/dongvan-yolo/dataset-dongvan-train/train/abel/Image-187_2024-12-02.jpg,2,2,3,0
/home/dubu/manh/dongvan-yolo/dataset-dongvan-train/train/abel/Image-228_2024-12-02.jpg,2,2,3,0
/home/dubu/manh/dongvan-yolo/dataset-dongvan-train/train/abel/Image-198_2024-12-02.jpg,2,2,3,0
/home/dubu/manh/dongvan-yolo/dataset-dongvan-train/train/abel/Image-160_2024-12-02.jpg,2,2,3,0
/home/dubu/manh/dongvan-yolo/dataset-dongvan-train/train/abel/Image-200_2024-12-02.jpg,2,2,3,0
/home/dubu/manh/dongvan-yolo/dataset-dongvan-train/train/abel/Image-137_2024-12-02.jpg,2,2,3,0
/home/dubu/manh/dongvan-yolo/dataset-dongvan-train/train/abel/Image-202_2024-12-02.jpg,2,2,3,0
/home/dubu/manh/dongvan-yolo/dataset-dongvan-train/train/abel/Image-180_2024-12-02.jpg,2,2,3,0
/home/dubu/manh/dongvan-yolo/dataset-dongvan-train/train/abel/Image-136_2024-12-02.jpg,2,2,3,0
/home/dubu/manh/dongvan-yolo/dataset-dongvan-train/train/abel/Image-181_2024-12-02.jpg,2,2,3,0
/home/dubu/manh/dongvan-yolo/dataset-dongvan-train/train/abel/Image-225_2024-12-02.jpg,2,2,3,0
/home/dubu/manh/dongvan-yolo/dataset-dongvan-train/train/abel/Image-210_2024-12-02.jpg,2,2,3,0
/home/dubu/manh/dongvan-yolo/dataset-dongvan-train/train/abel/Image-178_2024-12-02.jpg,2,2,3,0
/home/dubu/manh/dongvan-yolo/dataset-dongvan-train/train/abel/Image-211_2024-12-02.jpg,2,2,3,0
/home/dubu/manh/dongvan-yolo/dataset-dongvan-train/train/abel/Image-158_2024-12-02.jpg,2,2,3,0
/home/dubu/manh/dongvan-yolo/dataset-dongvan-train/train/abel/Image-151_2024-12-02.jpg,2,2,3,0
/home/dubu/manh/dongvan-yolo/dataset-dongvan-train/train/abel/Image-212_2024-12-02.jpg,2,2,3,0
/home/dubu/manh/dongvan-yolo/dataset-dongvan-train/train/abel/Image-169_2024-12-02.jpg,2,2,3,0
/home/dubu/manh/dongvan-yolo/dataset-dongvan-train/train/abel/Image-163_2024-12-02.jpg,2,2,3,0
/home/dubu/manh/dongvan-yolo/dataset-dongvan-train/train/abel/Image-207_2024-12-02.jpg,2,2,3,0
/home/dubu/manh/dongvan-yolo/dataset-dongvan-train/train/abel/Image-213_2024-12-02.jpg,2,2,3,0
/home/dubu/manh/dongvan-yolo/dataset-dongvan-train/train/abel/Image-174_2024-12-02.jpg,2,2,3,0
/home/dubu/manh/dongvan-yolo/dataset-dongvan-train/train/abel/Image-215_2024-12-02.jpg,2,2,3,0
/home/dubu/manh/dongvan-yolo/dataset-dongvan-train/train/abel/Image-153_2024-12-02.jpg,2,2,3,0
/home/dubu/manh/dongvan-yolo/dataset-dongvan-train/train/abel/Image-217_2024-12-02.jpg,2,2,3,0
/home/dubu/manh/dongvan-yolo/dataset-dongvan-train/train/abel/Image-182_2024-12-02.jpg,2,2,3,0
/home/dubu/manh/dongvan-yolo/dataset-dongvan-train/train/abel/Image-133_2024-12-02.jpg,2,2,3,0
/home/dubu/manh/dongvan-yolo/dataset-dongvan-train/train/abel/Image-192_2024-12-02.jpg,2,2,3,0
/home/dubu/manh/dongvan-yolo/dataset-dongvan-train/train/abel/Image-193_2024-12-02.jpg,2,2,3,0
/home/dubu/manh/dongvan-yolo/dataset-dongvan-train/train/abel/Image-168_2024-12-02.jpg,2,2,3,0
/home/dubu/manh/dongvan-yolo/dataset-dongvan-train/train/abel/Image-148_2024-12-02.jpg,2,2,3,0
/home/dubu/manh/dongvan-yolo/dataset-dongvan-train/train/abel/Image-199_2024-12-02.jpg,2,2,3,0
/home/dubu/manh/dongvan-yolo/dataset-dongvan-train/train/abel/Image-156_2024-12-02.jpg,2,2,3,0
/home/dubu/manh/dongvan-yolo/dataset-dongvan-train/train/abel/Image-141_2024-12-02.jpg,2,2,3,0
/home/dubu/manh/dongvan-yolo/dataset-dongvan-train/train/abel/Image-229_2024-12-02.jpg,2,2,3,0
/home/dubu/manh/dongvan-yolo/dataset-dongvan-train/train/abel/Image-223_2024-12-02.jpg,2,2,3,0
/home/dubu/manh/dongvan-yolo/dataset-dongvan-train/train/abel/Image-186_2024-12-02.jpg,2,2,3,0
/home/dubu/manh/dongvan-yolo/dataset-dongvan-train/train/abel/Image-196_2024-12-02.jpg,2,2,3,0
/home/dubu/manh/dongvan-yolo/dataset-dongvan-train/train/abel/Image-222_2024-12-02.jpg,2,2,3,0
/home/dubu/manh/dongvan-yolo/dataset-dongvan-train/train/abel/Image-189_2024-12-02.jpg,2,2,3,0
/home/dubu/manh/dongvan-yolo/dataset-dongvan-train/train/abel/Image-166_2024-12-02.jpg,2,2,3,0
/home/dubu/manh/dongvan-yolo/dataset-dongvan-train/train/abel/Image-176_2024-12-02.jpg,2,2,3,0
/home/dubu/manh/dongvan-yolo/dataset-dongvan-train/train/abel/Image-162_2024-12-02.jpg,2,2,3,0
/home/dubu/manh/dongvan-yolo/dataset-dongvan-train/train/abel/Image-147_2024-12-02.jpg,2,2,3,0
/home/dubu/manh/dongvan-yolo/dataset-dongvan-train/train/abel/Image-226_2024-12-02.jpg,2,2,3,0
/home/dubu/manh/dongvan-yolo/dataset-dongvan-train/train/abel/Image-149_2024-12-02.jpg,2,2,3,0
/home/dubu/manh/dongvan-yolo/dataset-dongvan-train/train/abel/Image-183_2024-12-02.jpg,2,2,3,0
/home/dubu/manh/dongvan-yolo/dataset-dongvan-train/train/abel/Image-204_2024-12-02.jpg,2,2,3,0
/home/dubu/manh/dongvan-yolo/dataset-dongvan-train/train/abel/Image-145_2024-12-02.jpg,2,2,3,0
/home/dubu/manh/dongvan-yolo/dataset-dongvan-train/train/abel/Image-179_2024-12-02.jpg,2,2,3,0
/home/dubu/manh/dongvan-yolo/dataset-dongvan-train/train/abel/Image-164_2024-12-02.jpg,2,2,3,0
/home/dubu/manh/dongvan-yolo/dataset-dongvan-train/train/abel/Image-172_2024-12-02.jpg,2,2,3,0
/home/dubu/manh/dongvan-yolo/dataset-dongvan-train/train/abel/Image-167_2024-12-02.jpg,2,2,3,0
/home/dubu/manh/dongvan-yolo/dataset-dongvan-train/train/abel/Image-184_2024-12-02.jpg,2,2,3,0
/home/dubu/manh/dongvan-yolo/dataset-dongvan-train/train/abel/Image-143_2024-12-02.jpg,2,2,3,0
/home/dubu/manh/dongvan-yolo/dataset-dongvan-train/train/abel/Image-188_2024-12-02.jpg,2,2,3,0
/home/dubu/manh/dongvan-yolo/dataset-dongvan-train/train/abel/Image-165_2024-12-02.jpg,2,2,3,0
/home/dubu/manh/dongvan-yolo/dataset-dongvan-train/train/abel/Image-150_2024-12-02.jpg,2,2,3,0
/home/dubu/manh/dongvan-yolo/dataset-dongvan-train/train/abel/Image-146_2024-12-02.jpg,2,2,3,0
/home/dubu/manh/dongvan-yolo/dataset-dongvan-train/train/abel/Image-185_2024-12-02.jpg,2,2,3,0
/home/dubu/manh/dongvan-yolo/dataset-dongvan-train/train/abel/Image-159_2024-12-02.jpg,2,2,3,0
/home/dubu/manh/dongvan-yolo/dataset-dongvan-train/train/abel/Image-232_2024-12-02.jpg,2,2,3,0
/home/dubu/manh/dongvan-yolo/dataset-dongvan-train/train/abel/Image-227_2024-12-02.jpg,2,2,3,0
/home/dubu/manh/dongvan-yolo/dataset-dongvan-train/train/abel/Image-139_2024-12-02.jpg,2,2,3,0
/home/dubu/manh/dongvan-yolo/dataset-dongvan-train/train/abel/Image-171_2024-12-02.jpg,2,2,3,0
/home/dubu/manh/dongvan-yolo/dataset-dongvan-train/train/abel/Image-231_2024-12-02.jpg,2,2,3,0
/home/dubu/manh/dongvan-yolo/dataset-dongvan-train/train/abel/Image-206_2024-12-02.jpg,2,2,3,0
/home/dubu/manh/dongvan-yolo/dataset-dongvan-train/train/abel/Image-138_2024-12-02.jpg,2,2,3,0
/home/dubu/manh/dongvan-yolo/dataset-dongvan-train/train/abel/Image-197_2024-12-02.jpg,2,2,3,0
/home/dubu/manh/dongvan-yolo/dataset-dongvan-train/train/abel/Image-190_2024-12-02.jpg,2,2,3,0
/home/dubu/manh/dongvan-yolo/dataset-dongvan-train/train/abel/Image-140_2024-12-02.jpg,2,2,3,0
/home/dubu/manh/dongvan-yolo/dataset-dongvan-train/train/abel/Image-173_2024-12-02.jpg,2,2,3,0
/home/dubu/manh/dongvan-yolo/dataset-dongvan-train/train/abel/Image-142_2024-12-02.jpg,2,2,3,0
/home/dubu/manh/dongvan-yolo/dataset-dongvan-train/train/abel/Image-152_2024-12-02.jpg,2,2,3,0
/home/dubu/manh/dongvan-yolo/dataset-dongvan-train/train/abel/Image-201_2024-12-02.jpg,2,2,3,0
/home/dubu/manh/dongvan-yolo/dataset-dongvan-train/train/ager/Image-516_2024-12-02.jpg,1,1,1,1
/home/dubu/manh/dongvan-yolo/dataset-dongvan-train/train/ager/Image-527_2024-12-02.jpg,1,1,1,1
/home/dubu/manh/dongvan-yolo/dataset-dongvan-train/train/ager/Image-501_2024-12-02.jpg,1,1,1,1
/home/dubu/manh/dongvan-yolo/dataset-dongvan-train/train/ager/Image-506_2024-12-02.jpg,1,1,1,1
/home/dubu/manh/dongvan-yolo/dataset-dongvan-train/train/ager/Image-511_2024-12-02.jpg,1,1,1,1
/home/dubu/manh/dongvan-yolo/dataset-dongvan-train/train/ager/Image-478_2024-12-02.jpg,1,1,1,1
/home/dubu/manh/dongvan-yolo/dataset-dongvan-train/train/ager/Image-467_2024-12-02.jpg,1,1,1,1
/home/dubu/manh/dongvan-yolo/dataset-dongvan-train/train/ager/Image-523_2024-12-02.jpg,1,1,1,1
/home/dubu/manh/dongvan-yolo/dataset-dongvan-train/train/ager/Image-547_2024-12-02.jpg,1,1,1,1
/home/dubu/manh/dongvan-yolo/dataset-dongvan-train/train/ager/Image-538_2024-12-02.jpg,1,1,1,1
/home/dubu/manh/dongvan-yolo/dataset-dongvan-train/train/ager/Image-488_2024-12-02.jpg,1,1,1,1
/home/dubu/manh/dongvan-yolo/dataset-dongvan-train/train/ager/Image-473_2024-12-02.jpg,1,1,1,1
/home/dubu/manh/dongvan-yolo/dataset-dongvan-train/train/ager/Image-534_2024-12-02.jpg,1,1,1,1
/home/dubu/manh/dongvan-yolo/dataset-dongvan-train/train/ager/Image-452_2024-12-02.jpg,1,1,1,1
/home/dubu/manh/dongvan-yolo/dataset-dongvan-train/train/ager/Image-465_2024-12-02.jpg,1,1,1,1
/home/dubu/manh/dongvan-yolo/dataset-dongvan-train/train/ager/Image-468_2024-12-02.jpg,1,1,1,1
/home/dubu/manh/dongvan-yolo/dataset-dongvan-train/train/ager/Image-546_2024-12-02.jpg,1,1,1,1
/home/dubu/manh/dongvan-yolo/dataset-dongvan-train/train/ager/Image-487_2024-12-02.jpg,1,1,1,1
/home/dubu/manh/dongvan-yolo/dataset-dongvan-train/train/ager/Image-491_2024-12-02.jpg,1,1,1,1
/home/dubu/manh/dongvan-yolo/dataset-dongvan-train/train/ager/Image-500_2024-12-02.jpg,1,1,1,1
/home/dubu/manh/dongvan-yolo/dataset-dongvan-train/train/ager/Image-530_2024-12-02.jpg,1,1,1,1
/home/dubu/manh/dongvan-yolo/dataset-dongvan-train/train/ager/Image-470_2024-12-02.jpg,1,1,1,1
/home/dubu/manh/dongvan-yolo/dataset-dongvan-train/train/ager/Image-514_2024-12-02.jpg,1,1,1,1
/home/dubu/manh/dongvan-yolo/dataset-dongvan-train/train/ager/Image-551_2024-12-02.jpg,1,1,1,1
/home/dubu/manh/dongvan-yolo/dataset-dongvan-train/train/ager/Image-515_2024-12-02.jpg,1,1,1,1
/home/dubu/manh/dongvan-yolo/dataset-dongvan-train/train/ager/Image-494_2024-12-02.jpg,1,1,1,1
/home/dubu/manh/dongvan-yolo/dataset-dongvan-train/train/ager/Image-521_2024-12-02.jpg,1,1,1,1
/home/dubu/manh/dongvan-yolo/dataset-dongvan-train/train/ager/Image-483_2024-12-02.jpg,1,1,1,1
/home/dubu/manh/dongvan-yolo/dataset-dongvan-train/train/ager/Image-508_2024-12-02.jpg,1,1,1,1
/home/dubu/manh/dongvan-yolo/dataset-dongvan-train/train/ager/Image-510_2024-12-02.jpg,1,1,1,1
/home/dubu/manh/dongvan-yolo/dataset-dongvan-train/train/ager/Image-518_2024-12-02.jpg,1,1,1,1
/home/dubu/manh/dongvan-yolo/dataset-dongvan-train/train/ager/Image-459_2024-12-02.jpg,1,1,1,1
/home/dubu/manh/dongvan-yolo/dataset-dongvan-train/train/ager/Image-457_2024-12-02.jpg,1,1,1,1
/home/dubu/manh/dongvan-yolo/dataset-dongvan-train/train/ager/Image-497_2024-12-02.jpg,1,1,1,1
/home/dubu/manh/dongvan-yolo/dataset-dongvan-train/train/ager/Image-560_2024-12-02.jpg,1,1,1,1
/home/dubu/manh/dongvan-yolo/dataset-dongvan-train/train/ager/Image-496_2024-12-02.jpg,1,1,1,1
/home/dubu/manh/dongvan-yolo/dataset-dongvan-train/train/ager/Image-451_2024-12-02.jpg,1,1,1,1
/home/dubu/manh/dongvan-yolo/dataset-dongvan-train/train/ager/Image-555_2024-12-02.jpg,1,1,1,1
/home/dubu/manh/dongvan-yolo/dataset-dongvan-train/train/ager/Image-505_2024-12-02.jpg,1,1,1,1
/home/dubu/manh/dongvan-yolo/dataset-dongvan-train/train/ager/Image-471_2024-12-02.jpg,1,1,1,1
/home/dubu/manh/dongvan-yolo/dataset-dongvan-train/train/ager/Image-492_2024-12-02.jpg,1,1,1,1
/home/dubu/manh/dongvan-yolo/dataset-dongvan-train/train/ager/Image-474_2024-12-02.jpg,1,1,1,1
/home/dubu/manh/dongvan-yolo/dataset-dongvan-train/train/ager/Image-456_2024-12-02.jpg,1,1,1,1
/home/dubu/manh/dongvan-yolo/dataset-dongvan-train/train/ager/Image-554_2024-12-02.jpg,1,1,1,1
/home/dubu/manh/dongvan-yolo/dataset-dongvan-train/train/ager/Image-542_2024-12-02.jpg,1,1,1,1
/home/dubu/manh/dongvan-yolo/dataset-dongvan-train/train/ager/Image-507_2024-12-02.jpg,1,1,1,1
/home/dubu/manh/dongvan-yolo/dataset-dongvan-train/train/ager/Image-460_2024-12-02.jpg,1,1,1,1
/home/dubu/manh/dongvan-yolo/dataset-dongvan-train/train/ager/Image-462_2024-12-02.jpg,1,1,1,1
/home/dubu/manh/dongvan-yolo/dataset-dongvan-train/train/ager/Image-485_2024-12-02.jpg,1,1,1,1
/home/dubu/manh/dongvan-yolo/dataset-dongvan-train/train/ager/Image-472_2024-12-02.jpg,1,1,1,1
/home/dubu/manh/dongvan-yolo/dataset-dongvan-train/train/ager/Image-532_2024-12-02.jpg,1,1,1,1
/home/dubu/manh/dongvan-yolo/dataset-dongvan-train/train/ager/Image-522_2024-12-02.jpg,1,1,1,1
/home/dubu/manh/dongvan-yolo/dataset-dongvan-train/train/ager/Image-489_2024-12-02.jpg,1,1,1,1
/home/dubu/manh/dongvan-yolo/dataset-dongvan-train/train/ager/Image-481_2024-12-02.jpg,1,1,1,1
/home/dubu/manh/dongvan-yolo/dataset-dongvan-train/train/ager/Image-539_2024-12-02.jpg,1,1,1,1
/home/dubu/manh/dongvan-yolo/dataset-dongvan-train/train/ager/Image-486_2024-12-02.jpg,1,1,1,1
/home/dubu/manh/dongvan-yolo/dataset-dongvan-train/train/ager/Image-509_2024-12-02.jpg,1,1,1,1
/home/dubu/manh/dongvan-yolo/dataset-dongvan-train/train/ager/Image-446_2024-12-02.jpg,1,1,1,1
/home/dubu/manh/dongvan-yolo/dataset-dongvan-train/train/ager/Image-493_2024-12-02.jpg,1,1,1,1
/home/dubu/manh/dongvan-yolo/dataset-dongvan-train/train/ager/Image-533_2024-12-02.jpg,1,1,1,1
/home/dubu/manh/dongvan-yolo/dataset-dongvan-train/train/ager/Image-548_2024-12-02.jpg,1,1,1,1
/home/dubu/manh/dongvan-yolo/dataset-dongvan-train/train/ager/Image-531_2024-12-02.jpg,1,1,1,1
/home/dubu/manh/dongvan-yolo/dataset-dongvan-train/train/ager/Image-475_2024-12-02.jpg,1,1,1,1
/home/dubu/manh/dongvan-yolo/dataset-dongvan-train/train/ager/Image-495_2024-12-02.jpg,1,1,1,1
/home/dubu/manh/dongvan-yolo/dataset-dongvan-train/train/ager/Image-528_2024-12-02.jpg,1,1,1,1
/home/dubu/manh/dongvan-yolo/dataset-dongvan-train/train/ager/Image-453_2024-12-02.jpg,1,1,1,1
/home/dubu/manh/dongvan-yolo/dataset-dongvan-train/train/ager/Image-469_2024-12-02.jpg,1,1,1,1
/home/dubu/manh/dongvan-yolo/dataset-dongvan-train/train/ager/Image-559_2024-12-02.jpg,1,1,1,1
/home/dubu/manh/dongvan-yolo/dataset-dongvan-train/train/ager/Image-545_2024-12-02.jpg,1,1,1,1
/home/dubu/manh/dongvan-yolo/dataset-dongvan-train/train/ager/Image-513_2024-12-02.jpg,1,1,1,1
/home/dubu/manh/dongvan-yolo/dataset-dongvan-train/train/ager/Image-540_2024-12-02.jpg,1,1,1,1
/home/dubu/manh/dongvan-yolo/dataset-dongvan-train/train/ager/Image-537_2024-12-02.jpg,1,1,1,1
/home/dubu/manh/dongvan-yolo/dataset-dongvan-train/train/ager/Image-464_2024-12-02.jpg,1,1,1,1
/home/dubu/manh/dongvan-yolo/dataset-dongvan-train/train/ager/Image-556_2024-12-02.jpg,1,1,1,1
/home/dubu/manh/dongvan-yolo/dataset-dongvan-train/train/ager/Image-449_2024-12-02.jpg,1,1,1,1
/home/dubu/manh/dongvan-yolo/dataset-dongvan-train/train/ager/Image-498_2024-12-02.jpg,1,1,1,1
/home/dubu/manh/dongvan-yolo/dataset-dongvan-train/train/ager/Image-541_2024-12-02.jpg,1,1,1,1
/home/dubu/manh/dongvan-yolo/dataset-dongvan-train/train/ager/Image-529_2024-12-02.jpg,1,1,1,1
/home/dubu/manh/dongvan-yolo/dataset-dongvan-train/train/ager/Image-550_2024-12-02.jpg,1,1,1,1
/home/dubu/manh/dongvan-yolo/dataset-dongvan-train/train/ager/Image-458_2024-12-02.jpg,1,1,1,1
/home/dubu/manh/dongvan-yolo/dataset-dongvan-train/train/ager/Image-524_2024-12-02.jpg,1,1,1,1
/home/dubu/manh/dongvan-yolo/dataset-dongvan-train/train/ager/Image-526_2024-12-02.jpg,1,1,1,1
/home/dubu/manh/dongvan-yolo/dataset-dongvan-train/train/bide/Image-505_2024-11-30.jpg,1,1,2,2
/home/dubu/manh/dongvan-yolo/dataset-dongvan-train/train/bide/Image-404_2024-11-30.jpg,1,1,2,2
/home/dubu/manh/dongvan-yolo/dataset-dongvan-train/train/bide/Image-457_2024-11-30.jpg,1,1,2,2
/home/dubu/manh/dongvan-yolo/dataset-dongvan-train/train/bide/Image-400_2024-11-30.jpg,1,1,2,2
/home/dubu/manh/dongvan-yolo/dataset-dongvan-train/train/bide/Image-490_2024-11-30.jpg,1,1,2,2
/home/dubu/manh/dongvan-yolo/dataset-dongvan-train/train/bide/Image-436_2024-11-30.jpg,1,1,2,2
/home/dubu/manh/dongvan-yolo/dataset-dongvan-train/train/bide/Image-493_2024-11-30.jpg,1,1,2,2
/home/dubu/manh/dongvan-yolo/dataset-dongvan-train/train/bide/Image-431_2024-11-30.jpg,1,1,2,2
/home/dubu/manh/dongvan-yolo/dataset-dongvan-train/train/bide/Image-472_2024-11-30.jpg,1,1,2,2
/home/dubu/manh/dongvan-yolo/dataset-dongvan-train/train/bide/Image-421_2024-11-30.jpg,1,1,2,2
/home/dubu/manh/dongvan-yolo/dataset-dongvan-train/train/bide/Image-425_2024-11-30.jpg,1,1,2,2
/home/dubu/manh/dongvan-yolo/dataset-dongvan-train/train/bide/Image-399_2024-11-30.jpg,1,1,2,2
/home/dubu/manh/dongvan-yolo/dataset-dongvan-train/train/bide/Image-424_2024-11-30.jpg,1,1,2,2
/home/dubu/manh/dongvan-yolo/dataset-dongvan-train/train/bide/Image-498_2024-11-30.jpg,1,1,2,2
/home/dubu/manh/dongvan-yolo/dataset-dongvan-train/train/bide/Image-492_2024-11-30.jpg,1,1,2,2
/home/dubu/manh/dongvan-yolo/dataset-dongvan-train/train/bide/Image-420_2024-11-30.jpg,1,1,2,2
/home/dubu/manh/dongvan-yolo/dataset-dongvan-train/train/bide/Image-417_2024-11-30.jpg,1,1,2,2
/home/dubu/manh/dongvan-yolo/dataset-dongvan-train/train/bide/Image-459_2024-11-30.jpg,1,1,2,2
/home/dubu/manh/dongvan-yolo/dataset-dongvan-train/train/bide/Image-487_2024-11-30.jpg,1,1,2,2
/home/dubu/manh/dongvan-yolo/dataset-dongvan-train/train/bide/Image-479_2024-11-30.jpg,1,1,2,2
/home/dubu/manh/dongvan-yolo/dataset-dongvan-train/train/bide/Image-509_2024-11-30.jpg,1,1,2,2
/home/dubu/manh/dongvan-yolo/dataset-dongvan-train/train/bide/Image-496_2024-11-30.jpg,1,1,2,2
/home/dubu/manh/dongvan-yolo/dataset-dongvan-train/train/bide/Image-454_2024-11-30.jpg,1,1,2,2
/home/dubu/manh/dongvan-yolo/dataset-dongvan-train/train/bide/Image-469_2024-11-30.jpg,1,1,2,2
/home/dubu/manh/dongvan-yolo/dataset-dongvan-train/train/bide/Image-416_2024-11-30.jpg,1,1,2,2
/home/dubu/manh/dongvan-yolo/dataset-dongvan-train/train/bide/Image-474_2024-11-30.jpg,1,1,2,2
/home/dubu/manh/dongvan-yolo/dataset-dongvan-train/train/bide/Image-435_2024-11-30.jpg,1,1,2,2
/home/dubu/manh/dongvan-yolo/dataset-dongvan-train/train/bide/Image-495_2024-11-30.jpg,1,1,2,2
/home/dubu/manh/dongvan-yolo/dataset-dongvan-train/train/bide/Image-475_2024-11-30.jpg,1,1,2,2
/home/dubu/manh/dongvan-yolo/dataset-dongvan-train/train/bide/Image-467_2024-11-30.jpg,1,1,2,2
/home/dubu/manh/dongvan-yolo/dataset-dongvan-train/train/bide/Image-477_2024-11-30.jpg,1,1,2,2
/home/dubu/manh/dongvan-yolo/dataset-dongvan-train/train/bide/Image-449_2024-11-30.jpg,1,1,2,2
/home/dubu/manh/dongvan-yolo/dataset-dongvan-train/train/bide/Image-507_2024-11-30.jpg,1,1,2,2
/home/dubu/manh/dongvan-yolo/dataset-dongvan-train/train/bide/Image-456_2024-11-30.jpg,1,1,2,2
/home/dubu/manh/dongvan-yolo/dataset-dongvan-train/train/bide/Image-489_2024-11-30.jpg,1,1,2,2
/home/dubu/manh/dongvan-yolo/dataset-dongvan-train/train/bide/Image-407_2024-11-30.jpg,1,1,2,2
/home/dubu/manh/dongvan-yolo/dataset-dongvan-train/train/bide/Image-503_2024-11-30.jpg,1,1,2,2
/home/dubu/manh/dongvan-yolo/dataset-dongvan-train/train/bide/Image-511_2024-11-30.jpg,1,1,2,2
/home/dubu/manh/dongvan-yolo/dataset-dongvan-train/train/bide/Image-396_2024-11-30.jpg,1,1,2,2
/home/dubu/manh/dongvan-yolo/dataset-dongvan-train/train/bide/Image-434_2024-11-30.jpg,1,1,2,2
/home/dubu/manh/dongvan-yolo/dataset-dongvan-train/train/bide/Image-408_2024-11-30.jpg,1,1,2,2
/home/dubu/manh/dongvan-yolo/dataset-dongvan-train/train/bide/Image-441_2024-11-30.jpg,1,1,2,2
/home/dubu/manh/dongvan-yolo/dataset-dongvan-train/train/bide/Image-455_2024-11-30.jpg,1,1,2,2
/home/dubu/manh/dongvan-yolo/dataset-dongvan-train/train/bide/Image-395_2024-11-30.jpg,1,1,2,2
/home/dubu/manh/dongvan-yolo/dataset-dongvan-train/train/bide/Image-428_2024-11-30.jpg,1,1,2,2
/home/dubu/manh/dongvan-yolo/dataset-dongvan-train/train/bide/Image-501_2024-11-30.jpg,1,1,2,2
/home/dubu/manh/dongvan-yolo/dataset-dongvan-train/train/bide/Image-444_2024-11-30.jpg,1,1,2,2
/home/dubu/manh/dongvan-yolo/dataset-dongvan-train/train/bide/Image-451_2024-11-30.jpg,1,1,2,2
/home/dubu/manh/dongvan-yolo/dataset-dongvan-train/train/bide/Image-405_2024-11-30.jpg,1,1,2,2
/home/dubu/manh/dongvan-yolo/dataset-dongvan-train/train/bide/Image-482_2024-11-30.jpg,1,1,2,2
/home/dubu/manh/dongvan-yolo/dataset-dongvan-train/train/bide/Image-418_2024-11-30.jpg,1,1,2,2
/home/dubu/manh/dongvan-yolo/dataset-dongvan-train/train/bide/Image-471_2024-11-30.jpg,1,1,2,2
/home/dubu/manh/dongvan-yolo/dataset-dongvan-train/train/bide/Image-476_2024-11-30.jpg,1,1,2,2
/home/dubu/manh/dongvan-yolo/dataset-dongvan-train/train/bide/Image-483_2024-11-30.jpg,1,1,2,2
/home/dubu/manh/dongvan-yolo/dataset-dongvan-train/train/bide/Image-502_2024-11-30.jpg,1,1,2,2
/home/dubu/manh/dongvan-yolo/dataset-dongvan-train/train/bide/Image-427_2024-11-30.jpg,1,1,2,2
/home/dubu/manh/dongvan-yolo/dataset-dongvan-train/train/bide/Image-406_2024-11-30.jpg,1,1,2,2
/home/dubu/manh/dongvan-yolo/dataset-dongvan-train/train/bide/Image-439_2024-11-30.jpg,1,1,2,2
/home/dubu/manh/dongvan-yolo/dataset-dongvan-train/train/bide/Image-473_2024-11-30.jpg,1,1,2,2
/home/dubu/manh/dongvan-yolo/dataset-dongvan-train/train/bide/Image-506_2024-11-30.jpg,1,1,2,2
/home/dubu/manh/dongvan-yolo/dataset-dongvan-train/train/bide/Image-499_2024-11-30.jpg,1,1,2,2
/home/dubu/manh/dongvan-yolo/dataset-dongvan-train/train/bide/Image-437_2024-11-30.jpg,1,1,2,2
/home/dubu/manh/dongvan-yolo/dataset-dongvan-train/train/bide/Image-447_2024-11-30.jpg,1,1,2,2
/home/dubu/manh/dongvan-yolo/dataset-dongvan-train/train/bide/Image-440_2024-11-30.jpg,1,1,2,2
/home/dubu/manh/dongvan-yolo/dataset-dongvan-train/train/bide/Image-414_2024-11-30.jpg,1,1,2,2
/home/dubu/manh/dongvan-yolo/dataset-dongvan-train/train/bide/Image-486_2024-11-30.jpg,1,1,2,2
/home/dubu/manh/dongvan-yolo/dataset-dongvan-train/train/bide/Image-510_2024-11-30.jpg,1,1,2,2
/home/dubu/manh/dongvan-yolo/dataset-dongvan-train/train/bide/Image-445_2024-11-30.jpg,1,1,2,2
/home/dubu/manh/dongvan-yolo/dataset-dongvan-train/train/bide/Image-398_2024-11-30.jpg,1,1,2,2
/home/dubu/manh/dongvan-yolo/dataset-dongvan-train/train/bide/Image-481_2024-11-30.jpg,1,1,2,2
/home/dubu/manh/dongvan-yolo/dataset-dongvan-train/train/bide/Image-460_2024-11-30.jpg,1,1,2,2
/home/dubu/manh/dongvan-yolo/dataset-dongvan-train/train/bide/Image-401_2024-11-30.jpg,1,1,2,2
/home/dubu/manh/dongvan-yolo/dataset-dongvan-train/train/bide/Image-446_2024-11-30.jpg,1,1,2,2
/home/dubu/manh/dongvan-yolo/dataset-dongvan-train/train/bide/Image-500_2024-11-30.jpg,1,1,2,2
/home/dubu/manh/dongvan-yolo/dataset-dongvan-train/train/bide/Image-411_2024-11-30.jpg,1,1,2,2
/home/dubu/manh/dongvan-yolo/dataset-dongvan-train/train/bide/Image-430_2024-11-30.jpg,1,1,2,2
/home/dubu/manh/dongvan-yolo/dataset-dongvan-train/train/bide/Image-429_2024-11-30.jpg,1,1,2,2
/home/dubu/manh/dongvan-yolo/dataset-dongvan-train/train/bide/Image-426_2024-11-30.jpg,1,1,2,2
/home/dubu/manh/dongvan-yolo/dataset-dongvan-train/train/bide/Image-513_2024-11-30.jpg,1,1,2,2
/home/dubu/manh/dongvan-yolo/dataset-dongvan-train/train/bide/Image-491_2024-11-30.jpg,1,1,2,2
/home/dubu/manh/dongvan-yolo/dataset-dongvan-train/train/bras/Image-130_2024-12-05.jpg,4,8,13,3
/home/dubu/manh/dongvan-yolo/dataset-dongvan-train/train/bras/Image-150_2024-12-05.jpg,4,8,13,3
/home/dubu/manh/dongvan-yolo/dataset-dongvan-train/train/bras/Image-175_2024-12-05.jpg,4,8,13,3
/home/dubu/manh/dongvan-yolo/dataset-dongvan-train/train/bras/Image-118_2024-12-05.jpg,4,8,13,3
/home/dubu/manh/dongvan-yolo/dataset-dongvan-train/train/bras/Image-111_2024-12-05.jpg,4,8,13,3
/home/dubu/manh/dongvan-yolo/dataset-dongvan-train/train/bras/Image-162_2024-12-05.jpg,4,8,13,3
/home/dubu/manh/dongvan-yolo/dataset-dongvan-train/train/bras/Image-119_2024-12-05.jpg,4,8,13,3
/home/dubu/manh/dongvan-yolo/dataset-dongvan-train/train/bras/Image-191_2024-12-05.jpg,4,8,13,3
/home/dubu/manh/dongvan-yolo/dataset-dongvan-train/train/bras/Image-159_2024-12-05.jpg,4,8,13,3
/home/dubu/manh/dongvan-yolo/dataset-dongvan-train/train/bras/Image-109_2024-12-05.jpg,4,8,13,3
/home/dubu/manh/dongvan-yolo/dataset-dongvan-train/train/bras/Image-115_2024-12-05.jpg,4,8,13,3
/home/dubu/manh/dongvan-yolo/dataset-dongvan-train/train/bras/Image-117_2024-12-05.jpg,4,8,13,3
/home/dubu/manh/dongvan-yolo/dataset-dongvan-train/train/bras/Image-106_2024-12-05.jpg,4,8,13,3
/home/dubu/manh/dongvan-yolo/dataset-dongvan-train/train/bras/Image-163_2024-12-05.jpg,4,8,13,3
/home/dubu/manh/dongvan-yolo/dataset-dongvan-train/train/bras/Image-152_2024-12-05.jpg,4,8,13,3
/home/dubu/manh/dongvan-yolo/dataset-dongvan-train/train/bras/Image-207_2024-12-05.jpg,4,8,13,3
/home/dubu/manh/dongvan-yolo/dataset-dongvan-train/train/bras/Image-170_2024-12-05.jpg,4,8,13,3
/home/dubu/manh/dongvan-yolo/dataset-dongvan-train/train/bras/Image-158_2024-12-05.jpg,4,8,13,3
/home/dubu/manh/dongvan-yolo/dataset-dongvan-train/train/bras/Image-205_2024-12-05.jpg,4,8,13,3
/home/dubu/manh/dongvan-yolo/dataset-dongvan-train/train/bras/Image-147_2024-12-05.jpg,4,8,13,3
/home/dubu/manh/dongvan-yolo/dataset-dongvan-train/train/bras/Image-127_2024-12-05.jpg,4,8,13,3
/home/dubu/manh/dongvan-yolo/dataset-dongvan-train/train/bras/Image-102_2024-12-05.jpg,4,8,13,3
/home/dubu/manh/dongvan-yolo/dataset-dongvan-train/train/bras/Image-145_2024-12-05.jpg,4,8,13,3
/home/dubu/manh/dongvan-yolo/dataset-dongvan-train/train/bras/Image-126_2024-12-05.jpg,4,8,13,3
/home/dubu/manh/dongvan-yolo/dataset-dongvan-train/train/bras/Image-128_2024-12-05.jpg,4,8,13,3
/home/dubu/manh/dongvan-yolo/dataset-dongvan-train/train/bras/Image-120_2024-12-05.jpg,4,8,13,3
/home/dubu/manh/dongvan-yolo/dataset-dongvan-train/train/bras/Image-199_2024-12-05.jpg,4,8,13,3
/home/dubu/manh/dongvan-yolo/dataset-dongvan-train/train/bras/Image-140_2024-12-05.jpg,4,8,13,3
/home/dubu/manh/dongvan-yolo/dataset-dongvan-train/train/bras/Image-156_2024-12-05.jpg,4,8,13,3
/home/dubu/manh/dongvan-yolo/dataset-dongvan-train/train/bras/Image-185_2024-12-05.jpg,4,8,13,3
/home/dubu/manh/dongvan-yolo/dataset-dongvan-train/train/bras/Image-137_2024-12-05.jpg,4,8,13,3
/home/dubu/manh/dongvan-yolo/dataset-dongvan-train/train/bras/Image-172_2024-12-05.jpg,4,8,13,3
/home/dubu/manh/dongvan-yolo/dataset-dongvan-train/train/bras/Image-171_2024-12-05.jpg,4,8,13,3
/home/dubu/manh/dongvan-yolo/dataset-dongvan-train/train/bras/Image-174_2024-12-05.jpg,4,8,13,3
/home/dubu/manh/dongvan-yolo/dataset-dongvan-train/train/bras/Image-165_2024-12-05.jpg,4,8,13,3
/home/dubu/manh/dongvan-yolo/dataset-dongvan-train/train/bras/Image-193_2024-12-05.jpg,4,8,13,3
/home/dubu/manh/dongvan-yolo/dataset-dongvan-train/train/bras/Image-186_2024-12-05.jpg,4,8,13,3
/home/dubu/manh/dongvan-yolo/dataset-dongvan-train/train/bras/Image-181_2024-12-05.jpg,4,8,13,3
/home/dubu/manh/dongvan-yolo/dataset-dongvan-train/train/bras/Image-184_2024-12-05.jpg,4,8,13,3
/home/dubu/manh/dongvan-yolo/dataset-dongvan-train/train/bras/Image-149_2024-12-05.jpg,4,8,13,3
/home/dubu/manh/dongvan-yolo/dataset-dongvan-train/train/bras/Image-167_2024-12-05.jpg,4,8,13,3
/home/dubu/manh/dongvan-yolo/dataset-dongvan-train/train/bras/Image-168_2024-12-05.jpg,4,8,13,3
/home/dubu/manh/dongvan-yolo/dataset-dongvan-train/train/bras/Image-154_2024-12-05.jpg,4,8,13,3
/home/dubu/manh/dongvan-yolo/dataset-dongvan-train/train/bras/Image-189_2024-12-05.jpg,4,8,13,3
/home/dubu/manh/dongvan-yolo/dataset-dongvan-train/train/bras/Image-155_2024-12-05.jpg,4,8,13,3
/home/dubu/manh/dongvan-yolo/dataset-dongvan-train/train/bras/Image-151_2024-12-05.jpg,4,8,13,3
/home/dubu/manh/dongvan-yolo/dataset-dongvan-train/train/bras/Image-112_2024-12-05.jpg,4,8,13,3
/home/dubu/manh/dongvan-yolo/dataset-dongvan-train/train/bras/Image-116_2024-12-05.jpg,4,8,13,3
/home/dubu/manh/dongvan-yolo/dataset-dongvan-train/train/bras/Image-104_2024-12-05.jpg,4,8,13,3
/home/dubu/manh/dongvan-yolo/dataset-dongvan-train/train/bras/Image-132_2024-12-05.jpg,4,8,13,3
/home/dubu/manh/dongvan-yolo/dataset-dongvan-train/train/bras/Image-141_2024-12-05.jpg,4,8,13,3
/home/dubu/manh/dongvan-yolo/dataset-dongvan-train/train/bras/Image-148_2024-12-05.jpg,4,8,13,3
/home/dubu/manh/dongvan-yolo/dataset-dongvan-train/train/bras/Image-176_2024-12-05.jpg,4,8,13,3
/home/dubu/manh/dongvan-yolo/dataset-dongvan-train/train/bras/Image-166_2024-12-05.jpg,4,8,13,3
/home/dubu/manh/dongvan-yolo/dataset-dongvan-train/train/bras/Image-134_2024-12-05.jpg,4,8,13,3
/home/dubu/manh/dongvan-yolo/dataset-dongvan-train/train/bras/Image-122_2024-12-05.jpg,4,8,13,3
/home/dubu/manh/dongvan-yolo/dataset-dongvan-train/train/bras/Image-144_2024-12-05.jpg,4,8,13,3
/home/dubu/manh/dongvan-yolo/dataset-dongvan-train/train/bras/Image-133_2024-12-05.jpg,4,8,13,3
/home/dubu/manh/dongvan-yolo/dataset-dongvan-train/train/bras/Image-125_2024-12-05.jpg,4,8,13,3
/home/dubu/manh/dongvan-yolo/dataset-dongvan-train/train/bras/Image-160_2024-12-05.jpg,4,8,13,3
/home/dubu/manh/dongvan-yolo/dataset-dongvan-train/train/bras/Image-194_2024-12-05.jpg,4,8,13,3
/home/dubu/manh/dongvan-yolo/dataset-dongvan-train/train/bras/Image-202_2024-12-05.jpg,4,8,13,3
/home/dubu/manh/dongvan-yolo/dataset-dongvan-train/train/bras/Image-113_2024-12-05.jpg,4,8,13,3
/home/dubu/manh/dongvan-yolo/dataset-dongvan-train/train/bras/Image-146_2024-12-05.jpg,4,8,13,3
/home/dubu/manh/dongvan-yolo/dataset-dongvan-train/train/bras/Image-173_2024-12-05.jpg,4,8,13,3
/home/dubu/manh/dongvan-yolo/dataset-dongvan-train/train/bras/Image-177_2024-12-05.jpg,4,8,13,3
/home/dubu/manh/dongvan-yolo/dataset-dongvan-train/train/bras/Image-203_2024-12-05.jpg,4,8,13,3
/home/dubu/manh/dongvan-yolo/dataset-dongvan-train/train/bras/Image-114_2024-12-05.jpg,4,8,13,3
/home/dubu/manh/dongvan-yolo/dataset-dongvan-train/train/bras/Image-197_2024-12-05.jpg,4,8,13,3
/home/dubu/manh/dongvan-yolo/dataset-dongvan-train/train/bras/Image-131_2024-12-05.jpg,4,8,13,3
/home/dubu/manh/dongvan-yolo/dataset-dongvan-train/train/chro/Image-341_2024-12-02.jpg,1,1,5,4
/home/dubu/manh/dongvan-yolo/dataset-dongvan-train/train/chro/Image-352_2024-12-02.jpg,1,1,5,4
/home/dubu/manh/dongvan-yolo/dataset-dongvan-train/train/chro/Image-362_2024-12-02.jpg,1,1,5,4
/home/dubu/manh/dongvan-yolo/dataset-dongvan-train/train/chro/Image-380_2024-12-02.jpg,1,1,5,4
/home/dubu/manh/dongvan-yolo/dataset-dongvan-train/train/chro/Image-423_2024-12-02.jpg,1,1,5,4
/home/dubu/manh/dongvan-yolo/dataset-dongvan-train/train/chro/Image-379_2024-12-02.jpg,1,1,5,4
/home/dubu/manh/dongvan-yolo/dataset-dongvan-train/train/chro/Image-417_2024-12-02.jpg,1,1,5,4
/home/dubu/manh/dongvan-yolo/dataset-dongvan-train/train/chro/Image-392_2024-12-02.jpg,1,1,5,4
/home/dubu/manh/dongvan-yolo/dataset-dongvan-train/train/chro/Image-364_2024-12-02.jpg,1,1,5,4
/home/dubu/manh/dongvan-yolo/dataset-dongvan-train/train/chro/Image-415_2024-12-02.jpg,1,1,5,4
/home/dubu/manh/dongvan-yolo/dataset-dongvan-train/train/chro/Image-346_2024-12-02.jpg,1,1,5,4
/home/dubu/manh/dongvan-yolo/dataset-dongvan-train/train/chro/Image-408_2024-12-02.jpg,1,1,5,4
/home/dubu/manh/dongvan-yolo/dataset-dongvan-train/train/chro/Image-373_2024-12-02.jpg,1,1,5,4
/home/dubu/manh/dongvan-yolo/dataset-dongvan-train/train/chro/Image-393_2024-12-02.jpg,1,1,5,4
/home/dubu/manh/dongvan-yolo/dataset-dongvan-train/train/chro/Image-356_2024-12-02.jpg,1,1,5,4
/home/dubu/manh/dongvan-yolo/dataset-dongvan-train/train/chro/Image-347_2024-12-02.jpg,1,1,5,4
/home/dubu/manh/dongvan-yolo/dataset-dongvan-train/train/chro/Image-349_2024-12-02.jpg,1,1,5,4
/home/dubu/manh/dongvan-yolo/dataset-dongvan-train/train/chro/Image-438_2024-12-02.jpg,1,1,5,4
/home/dubu/manh/dongvan-yolo/dataset-dongvan-train/train/chro/Image-440_2024-12-02.jpg,1,1,5,4
/home/dubu/manh/dongvan-yolo/dataset-dongvan-train/train/chro/Image-432_2024-12-02.jpg,1,1,5,4
/home/dubu/manh/dongvan-yolo/dataset-dongvan-train/train/chro/Image-427_2024-12-02.jpg,1,1,5,4
/home/dubu/manh/dongvan-yolo/dataset-dongvan-train/train/chro/Image-413_2024-12-02.jpg,1,1,5,4
/home/dubu/manh/dongvan-yolo/dataset-dongvan-train/train/chro/Image-366_2024-12-02.jpg,1,1,5,4
/home/dubu/manh/dongvan-yolo/dataset-dongvan-train/train/chro/Image-416_2024-12-02.jpg,1,1,5,4
/home/dubu/manh/dongvan-yolo/dataset-dongvan-train/train/chro/Image-369_2024-12-02.jpg,1,1,5,4
/home/dubu/manh/dongvan-yolo/dataset-dongvan-train/train/chro/Image-412_2024-12-02.jpg,1,1,5,4
/home/dubu/manh/dongvan-yolo/dataset-dongvan-train/train/chro/Image-368_2024-12-02.jpg,1,1,5,4
/home/dubu/manh/dongvan-yolo/dataset-dongvan-train/train/chro/Image-365_2024-12-02.jpg,1,1,5,4
/home/dubu/manh/dongvan-yolo/dataset-dongvan-train/train/chro/Image-350_2024-12-02.jpg,1,1,5,4
/home/dubu/manh/dongvan-yolo/dataset-dongvan-train/train/chro/Image-434_2024-12-02.jpg,1,1,5,4
/home/dubu/manh/dongvan-yolo/dataset-dongvan-train/train/chro/Image-419_2024-12-02.jpg,1,1,5,4
/home/dubu/manh/dongvan-yolo/dataset-dongvan-train/train/chro/Image-437_2024-12-02.jpg,1,1,5,4
/home/dubu/manh/dongvan-yolo/dataset-dongvan-train/train/chro/Image-389_2024-12-02.jpg,1,1,5,4
/home/dubu/manh/dongvan-yolo/dataset-dongvan-train/train/chro/Image-403_2024-12-02.jpg,1,1,5,4
/home/dubu/manh/dongvan-yolo/dataset-dongvan-train/train/chro/Image-433_2024-12-02.jpg,1,1,5,4
/home/dubu/manh/dongvan-yolo/dataset-dongvan-train/train/chro/Image-426_2024-12-02.jpg,1,1,5,4
/home/dubu/manh/dongvan-yolo/dataset-dongvan-train/train/chro/Image-401_2024-12-02.jpg,1,1,5,4
/home/dubu/manh/dongvan-yolo/dataset-dongvan-train/train/chro/Image-367_2024-12-02.jpg,1,1,5,4
/home/dubu/manh/dongvan-yolo/dataset-dongvan-train/train/chro/Image-406_2024-12-02.jpg,1,1,5,4
/home/dubu/manh/dongvan-yolo/dataset-dongvan-train/train/chro/Image-384_2024-12-02.jpg,1,1,5,4
/home/dubu/manh/dongvan-yolo/dataset-dongvan-train/train/chro/Image-351_2024-12-02.jpg,1,1,5,4
/home/dubu/manh/dongvan-yolo/dataset-dongvan-train/train/chro/Image-421_2024-12-02.jpg,1,1,5,4
/home/dubu/manh/dongvan-yolo/dataset-dongvan-train/train/chro/Image-358_2024-12-02.jpg,1,1,5,4
/home/dubu/manh/dongvan-yolo/dataset-dongvan-train/train/chro/Image-397_2024-12-02.jpg,1,1,5,4
/home/dubu/manh/dongvan-yolo/dataset-dongvan-train/train/chro/Image-395_2024-12-02.jpg,1,1,5,4
/home/dubu/manh/dongvan-yolo/dataset-dongvan-train/train/chro/Image-363_2024-12-02.jpg,1,1,5,4
/home/dubu/manh/dongvan-yolo/dataset-dongvan-train/train/chro/Image-394_2024-12-02.jpg,1,1,5,4
/home/dubu/manh/dongvan-yolo/dataset-dongvan-train/train/chro/Image-359_2024-12-02.jpg,1,1,5,4
/home/dubu/manh/dongvan-yolo/dataset-dongvan-train/train/chro/Image-375_2024-12-02.jpg,1,1,5,4
/home/dubu/manh/dongvan-yolo/dataset-dongvan-train/train/chro/Image-343_2024-12-02.jpg,1,1,5,4
/home/dubu/manh/dongvan-yolo/dataset-dongvan-train/train/chro/Image-409_2024-12-02.jpg,1,1,5,4
/home/dubu/manh/dongvan-yolo/dataset-dongvan-train/train/chro/Image-387_2024-12-02.jpg,1,1,5,4
/home/dubu/manh/dongvan-yolo/dataset-dongvan-train/train/chro/Image-381_2024-12-02.jpg,1,1,5,4
/home/dubu/manh/dongvan-yolo/dataset-dongvan-train/train/chro/Image-360_2024-12-02.jpg,1,1,5,4
/home/dubu/manh/dongvan-yolo/dataset-dongvan-train/train/chro/Image-377_2024-12-02.jpg,1,1,5,4
/home/dubu/manh/dongvan-yolo/dataset-dongvan-train/train/chro/Image-435_2024-12-02.jpg,1,1,5,4
/home/dubu/manh/dongvan-yolo/dataset-dongvan-train/train/chro/Image-370_2024-12-02.jpg,1,1,5,4
/home/dubu/manh/dongvan-yolo/dataset-dongvan-train/train/chro/Image-339_2024-12-02.jpg,1,1,5,4
/home/dubu/manh/dongvan-yolo/dataset-dongvan-train/train/chro/Image-418_2024-12-02.jpg,1,1,5,4
/home/dubu/manh/dongvan-yolo/dataset-dongvan-train/train/chro/Image-382_2024-12-02.jpg,1,1,5,4
/home/dubu/manh/dongvan-yolo/dataset-dongvan-train/train/chro/Image-430_2024-12-02.jpg,1,1,5,4
/home/dubu/manh/dongvan-yolo/dataset-dongvan-train/train/chro/Image-441_2024-12-02.jpg,1,1,5,4
/home/dubu/manh/dongvan-yolo/dataset-dongvan-train/train/chro/Image-345_2024-12-02.jpg,1,1,5,4
/home/dubu/manh/dongvan-yolo/dataset-dongvan-train/train/chro/Image-414_2024-12-02.jpg,1,1,5,4
/home/dubu/manh/dongvan-yolo/dataset-dongvan-train/train/chro/Image-391_2024-12-02.jpg,1,1,5,4
/home/dubu/manh/dongvan-yolo/dataset-dongvan-train/train/chro/Image-378_2024-12-02.jpg,1,1,5,4
/home/dubu/manh/dongvan-yolo/dataset-dongvan-train/train/chro/Image-439_2024-12-02.jpg,1,1,5,4
/home/dubu/manh/dongvan-yolo/dataset-dongvan-train/train/chro/Image-399_2024-12-02.jpg,1,1,5,4
/home/dubu/manh/dongvan-yolo/dataset-dongvan-train/train/chro/Image-398_2024-12-02.jpg,1,1,5,4
/home/dubu/manh/dongvan-yolo/dataset-dongvan-train/train/chro/Image-424_2024-12-02.jpg,1,1,5,4
/home/dubu/manh/dongvan-yolo/dataset-dongvan-train/train/chro/Image-386_2024-12-02.jpg,1,1,5,4
/home/dubu/manh/dongvan-yolo/dataset-dongvan-train/train/chro/Image-357_2024-12-02.jpg,1,1,5,4
/home/dubu/manh/dongvan-yolo/dataset-dongvan-train/train/chro/Image-442_2024-12-02.jpg,1,1,5,4
/home/dubu/manh/dongvan-yolo/dataset-dongvan-train/train/chro/Image-372_2024-12-02.jpg,1,1,5,4
/home/dubu/manh/dongvan-yolo/dataset-dongvan-train/train/chro/Image-411_2024-12-02.jpg,1,1,5,4
/home/dubu/manh/dongvan-yolo/dataset-dongvan-train/train/chro/Image-396_2024-12-02.jpg,1,1,5,4
/home/dubu/manh/dongvan-yolo/dataset-dongvan-train/train/chro/Image-353_2024-12-02.jpg,1,1,5,4
/home/dubu/manh/dongvan-yolo/dataset-dongvan-train/train/chro/Image-402_2024-12-02.jpg,1,1,5,4
/home/dubu/manh/dongvan-yolo/dataset-dongvan-train/train/chro/Image-383_2024-12-02.jpg,1,1,5,4
/home/dubu/manh/dongvan-yolo/dataset-dongvan-train/train/chro/Image-422_2024-12-02.jpg,1,1,5,4
/home/dubu/manh/dongvan-yolo/dataset-dongvan-train/train/chro_1/Image-72_2024-12-20.jpg,1,1,5,5
/home/dubu/manh/dongvan-yolo/dataset-dongvan-train/train/chro_1/Image-33_2024-12-20.jpg,1,1,5,5
/home/dubu/manh/dongvan-yolo/dataset-dongvan-train/train/chro_1/Image-84_2024-12-20.jpg,1,1,5,5
/home/dubu/manh/dongvan-yolo/dataset-dongvan-train/train/chro_1/Image-24_2024-12-20.jpg,1,1,5,5
/home/dubu/manh/dongvan-yolo/dataset-dongvan-train/train/chro_1/Image-32_2024-12-20.jpg,1,1,5,5
/home/dubu/manh/dongvan-yolo/dataset-dongvan-train/train/chro_1/Image-105_2024-12-20.jpg,1,1,5,5
/home/dubu/manh/dongvan-yolo/dataset-dongvan-train/train/chro_1/Image-37_2024-12-20.jpg,1,1,5,5
/home/dubu/manh/dongvan-yolo/dataset-dongvan-train/train/chro_1/Image-16_2024-12-20.jpg,1,1,5,5
/home/dubu/manh/dongvan-yolo/dataset-dongvan-train/train/chro_1/Image-28_2024-12-20.jpg,1,1,5,5
/home/dubu/manh/dongvan-yolo/dataset-dongvan-train/train/chro_1/Image-4_2024-12-20.jpg,1,1,5,5
/home/dubu/manh/dongvan-yolo/dataset-dongvan-train/train/chro_1/Image-95_2024-12-20.jpg,1,1,5,5
/home/dubu/manh/dongvan-yolo/dataset-dongvan-train/train/chro_1/Image-22_2024-12-20.jpg,1,1,5,5
/home/dubu/manh/dongvan-yolo/dataset-dongvan-train/train/chro_1/Image-53_2024-12-20.jpg,1,1,5,5
/home/dubu/manh/dongvan-yolo/dataset-dongvan-train/train/chro_1/Image-106_2024-12-20.jpg,1,1,5,5
/home/dubu/manh/dongvan-yolo/dataset-dongvan-train/train/chro_1/Image-39_2024-12-20.jpg,1,1,5,5
/home/dubu/manh/dongvan-yolo/dataset-dongvan-train/train/chro_1/Image-64_2024-12-20.jpg,1,1,5,5
/home/dubu/manh/dongvan-yolo/dataset-dongvan-train/train/chro_1/Image-99_2024-12-20.jpg,1,1,5,5
/home/dubu/manh/dongvan-yolo/dataset-dongvan-train/train/chro_1/Image-15_2024-12-20.jpg,1,1,5,5
/home/dubu/manh/dongvan-yolo/dataset-dongvan-train/train/chro_1/Image-81_2024-12-20.jpg,1,1,5,5
/home/dubu/manh/dongvan-yolo/dataset-dongvan-train/train/chro_1/Image-61_2024-12-20.jpg,1,1,5,5
/home/dubu/manh/dongvan-yolo/dataset-dongvan-train/train/chro_1/Image-13_2024-12-20.jpg,1,1,5,5
/home/dubu/manh/dongvan-yolo/dataset-dongvan-train/train/chro_1/Image-76_2024-12-20.jpg,1,1,5,5
/home/dubu/manh/dongvan-yolo/dataset-dongvan-train/train/chro_1/Image-78_2024-12-20.jpg,1,1,5,5
/home/dubu/manh/dongvan-yolo/dataset-dongvan-train/train/chro_1/Image-35_2024-12-20.jpg,1,1,5,5
/home/dubu/manh/dongvan-yolo/dataset-dongvan-train/train/chro_1/Image-25_2024-12-20.jpg,1,1,5,5
/home/dubu/manh/dongvan-yolo/dataset-dongvan-train/train/chro_1/Image-56_2024-12-20.jpg,1,1,5,5
/home/dubu/manh/dongvan-yolo/dataset-dongvan-train/train/chro_1/Image-26_2024-12-20.jpg,1,1,5,5
/home/dubu/manh/dongvan-yolo/dataset-dongvan-train/train/chro_1/Image-74_2024-12-20.jpg,1,1,5,5
/home/dubu/manh/dongvan-yolo/dataset-dongvan-train/train/chro_1/Image-6_2024-12-20.jpg,1,1,5,5
/home/dubu/manh/dongvan-yolo/dataset-dongvan-train/train/chro_1/Image-87_2024-12-20.jpg,1,1,5,5
/home/dubu/manh/dongvan-yolo/dataset-dongvan-train/train/chro_1/Image-66_2024-12-20.jpg,1,1,5,5
/home/dubu/manh/dongvan-yolo/dataset-dongvan-train/train/chro_1/Image-70_2024-12-20.jpg,1,1,5,5
/home/dubu/manh/dongvan-yolo/dataset-dongvan-train/train/chro_1/Image-1_2024-12-20.jpg,1,1,5,5
/home/dubu/manh/dongvan-yolo/dataset-dongvan-train/train/chro_1/Image-58_2024-12-20.jpg,1,1,5,5
/home/dubu/manh/dongvan-yolo/dataset-dongvan-train/train/chro_1/Image-75_2024-12-20.jpg,1,1,5,5
/home/dubu/manh/dongvan-yolo/dataset-dongvan-train/train/chro_1/Image-60_2024-12-20.jpg,1,1,5,5
/home/dubu/manh/dongvan-yolo/dataset-dongvan-train/train/chro_1/Image-38_2024-12-20.jpg,1,1,5,5
/home/dubu/manh/dongvan-yolo/dataset-dongvan-train/train/chro_1/Image-40_2024-12-20.jpg,1,1,5,5
/home/dubu/manh/dongvan-yolo/dataset-dongvan-train/train/chro_1/Image-98_2024-12-20.jpg,1,1,5,5
/home/dubu/manh/dongvan-yolo/dataset-dongvan-train/train/chro_1/Image-93_2024-12-20.jpg,1,1,5,5
/home/dubu/manh/dongvan-yolo/dataset-dongvan-train/train/chro_1/Image-20_2024-12-20.jpg,1,1,5,5
/home/dubu/manh/dongvan-yolo/dataset-dongvan-train/train/chro_1/Image-27_2024-12-20.jpg,1,1,5,5
/home/dubu/manh/dongvan-yolo/dataset-dongvan-train/train/chro_1/Image-31_2024-12-20.jpg,1,1,5,5
/home/dubu/manh/dongvan-yolo/dataset-dongvan-train/train/chro_1/Image-57_2024-12-20.jpg,1,1,5,5
/home/dubu/manh/dongvan-yolo/dataset-dongvan-train/train/chro_1/Image-83_2024-12-20.jpg,1,1,5,5
/home/dubu/manh/dongvan-yolo/dataset-dongvan-train/train/chro_1/Image-34_2024-12-20.jpg,1,1,5,5
/home/dubu/manh/dongvan-yolo/dataset-dongvan-train/train/chro_1/Image-97_2024-12-20.jpg,1,1,5,5
/home/dubu/manh/dongvan-yolo/dataset-dongvan-train/train/chro_1/Image-49_2024-12-20.jpg,1,1,5,5
/home/dubu/manh/dongvan-yolo/dataset-dongvan-train/train/chro_1/Image-91_2024-12-20.jpg,1,1,5,5
/home/dubu/manh/dongvan-yolo/dataset-dongvan-train/train/chro_1/Image-101_2024-12-20.jpg,1,1,5,5
/home/dubu/manh/dongvan-yolo/dataset-dongvan-train/train/chro_1/Image-90_2024-12-20.jpg,1,1,5,5
/home/dubu/manh/dongvan-yolo/dataset-dongvan-train/train/chro_1/Image-100_2024-12-20.jpg,1,1,5,5
/home/dubu/manh/dongvan-yolo/dataset-dongvan-train/train/chro_1/Image-29_2024-12-20.jpg,1,1,5,5
/home/dubu/manh/dongvan-yolo/dataset-dongvan-train/train/chro_1/Image-2_2024-12-20.jpg,1,1,5,5
/home/dubu/manh/dongvan-yolo/dataset-dongvan-train/train/chro_1/Image-67_2024-12-20.jpg,1,1,5,5
/home/dubu/manh/dongvan-yolo/dataset-dongvan-train/train/chro_1/Image-3_2024-12-20.jpg,1,1,5,5
/home/dubu/manh/dongvan-yolo/dataset-dongvan-train/train/chro_1/Image-51_2024-12-20.jpg,1,1,5,5
/home/dubu/manh/dongvan-yolo/dataset-dongvan-train/train/chro_1/Image-65_2024-12-20.jpg,1,1,5,5
/home/dubu/manh/dongvan-yolo/dataset-dongvan-train/train/chro_1/Image-80_2024-12-20.jpg,1,1,5,5
/home/dubu/manh/dongvan-yolo/dataset-dongvan-train/train/chro_1/Image-107_2024-12-20.jpg,1,1,5,5
/home/dubu/manh/dongvan-yolo/dataset-dongvan-train/train/chro_1/Image-41_2024-12-20.jpg,1,1,5,5
/home/dubu/manh/dongvan-yolo/dataset-dongvan-train/train/chro_1/Image-8_2024-12-20.jpg,1,1,5,5
/home/dubu/manh/dongvan-yolo/dataset-dongvan-train/train/chro_1/Image-52_2024-12-20.jpg,1,1,5,5
/home/dubu/manh/dongvan-yolo/dataset-dongvan-train/train/chro_1/Image-103_2024-12-20.jpg,1,1,5,5
/home/dubu/manh/dongvan-yolo/dataset-dongvan-train/train/chro_1/Image-18_2024-12-20.jpg,1,1,5,5
/home/dubu/manh/dongvan-yolo/dataset-dongvan-train/train/chro_1/Image-85_2024-12-20.jpg,1,1,5,5
/home/dubu/manh/dongvan-yolo/dataset-dongvan-train/train/chro_1/Image-104_2024-12-20.jpg,1,1,5,5
/home/dubu/manh/dongvan-yolo/dataset-dongvan-train/train/chro_1/Image-63_2024-12-20.jpg,1,1,5,5
/home/dubu/manh/dongvan-yolo/dataset-dongvan-train/train/chro_1/Image-69_2024-12-20.jpg,1,1,5,5
/home/dubu/manh/dongvan-yolo/dataset-dongvan-train/train/chro_1/Image-5_2024-12-20.jpg,1,1,5,5
/home/dubu/manh/dongvan-yolo/dataset-dongvan-train/train/chro_1/Image-30_2024-12-20.jpg,1,1,5,5
/home/dubu/manh/dongvan-yolo/dataset-dongvan-train/train/chro_1/Image-42_2024-12-20.jpg,1,1,5,5
/home/dubu/manh/dongvan-yolo/dataset-dongvan-train/train/chro_1/Image-88_2024-12-20.jpg,1,1,5,5
/home/dubu/manh/dongvan-yolo/dataset-dongvan-train/train/chro_1/Image-62_2024-12-20.jpg,1,1,5,5
/home/dubu/manh/dongvan-yolo/dataset-dongvan-train/train/chro_1/Image-68_2024-12-20.jpg,1,1,5,5
/home/dubu/manh/dongvan-yolo/dataset-dongvan-train/train/chro_1/Image-96_2024-12-20.jpg,1,1,5,5
/home/dubu/manh/dongvan-yolo/dataset-dongvan-train/train/chro_2/Image-249_2024-12-05.jpg,1,1,5,6
/home/dubu/manh/dongvan-yolo/dataset-dongvan-train/train/chro_2/Image-284_2024-12-05.jpg,1,1,5,6
/home/dubu/manh/dongvan-yolo/dataset-dongvan-train/train/chro_2/Image-279_2024-12-05.jpg,1,1,5,6
/home/dubu/manh/dongvan-yolo/dataset-dongvan-train/train/chro_2/Image-282_2024-12-05.jpg,1,1,5,6
/home/dubu/manh/dongvan-yolo/dataset-dongvan-train/train/chro_2/Image-264_2024-12-05.jpg,1,1,5,6
/home/dubu/manh/dongvan-yolo/dataset-dongvan-train/train/chro_2/Image-247_2024-12-05.jpg,1,1,5,6
/home/dubu/manh/dongvan-yolo/dataset-dongvan-train/train/chro_2/Image-326_2024-12-05.jpg,1,1,5,6
/home/dubu/manh/dongvan-yolo/dataset-dongvan-train/train/chro_2/Image-270_2024-12-05.jpg,1,1,5,6
/home/dubu/manh/dongvan-yolo/dataset-dongvan-train/train/chro_2/Image-324_2024-12-05.jpg,1,1,5,6
/home/dubu/manh/dongvan-yolo/dataset-dongvan-train/train/chro_2/Image-302_2024-12-05.jpg,1,1,5,6
/home/dubu/manh/dongvan-yolo/dataset-dongvan-train/train/chro_2/Image-327_2024-12-05.jpg,1,1,5,6
/home/dubu/manh/dongvan-yolo/dataset-dongvan-train/train/chro_2/Image-246_2024-12-05.jpg,1,1,5,6
/home/dubu/manh/dongvan-yolo/dataset-dongvan-train/train/chro_2/Image-323_2024-12-05.jpg,1,1,5,6
/home/dubu/manh/dongvan-yolo/dataset-dongvan-train/train/chro_2/Image-210_2024-12-05.jpg,1,1,5,6
/home/dubu/manh/dongvan-yolo/dataset-dongvan-train/train/chro_2/Image-275_2024-12-05.jpg,1,1,5,6
/home/dubu/manh/dongvan-yolo/dataset-dongvan-train/train/chro_2/Image-212_2024-12-05.jpg,1,1,5,6
/home/dubu/manh/dongvan-yolo/dataset-dongvan-train/train/chro_2/Image-266_2024-12-05.jpg,1,1,5,6
/home/dubu/manh/dongvan-yolo/dataset-dongvan-train/train/chro_2/Image-221_2024-12-05.jpg,1,1,5,6
/home/dubu/manh/dongvan-yolo/dataset-dongvan-train/train/chro_2/Image-224_2024-12-05.jpg,1,1,5,6
/home/dubu/manh/dongvan-yolo/dataset-dongvan-train/train/chro_2/Image-328_2024-12-05.jpg,1,1,5,6
/home/dubu/manh/dongvan-yolo/dataset-dongvan-train/train/chro_2/Image-315_2024-12-05.jpg,1,1,5,6
/home/dubu/manh/dongvan-yolo/dataset-dongvan-train/train/chro_2/Image-299_2024-12-05.jpg,1,1,5,6
/home/dubu/manh/dongvan-yolo/dataset-dongvan-train/train/chro_2/Image-271_2024-12-05.jpg,1,1,5,6
/home/dubu/manh/dongvan-yolo/dataset-dongvan-train/train/chro_2/Image-312_2024-12-05.jpg,1,1,5,6
/home/dubu/manh/dongvan-yolo/dataset-dongvan-train/train/chro_2/Image-252_2024-12-05.jpg,1,1,5,6
/home/dubu/manh/dongvan-yolo/dataset-dongvan-train/train/chro_2/Image-235_2024-12-05.jpg,1,1,5,6
/home/dubu/manh/dongvan-yolo/dataset-dongvan-train/train/chro_2/Image-318_2024-12-05.jpg,1,1,5,6
/home/dubu/manh/dongvan-yolo/dataset-dongvan-train/train/chro_2/Image-248_2024-12-05.jpg,1,1,5,6
/home/dubu/manh/dongvan-yolo/dataset-dongvan-train/train/chro_2/Image-287_2024-12-05.jpg,1,1,5,6
/home/dubu/manh/dongvan-yolo/dataset-dongvan-train/train/chro_2/Image-230_2024-12-05.jpg,1,1,5,6
/home/dubu/manh/dongvan-yolo/dataset-dongvan-train/train/chro_2/Image-215_2024-12-05.jpg,1,1,5,6
/home/dubu/manh/dongvan-yolo/dataset-dongvan-train/train/chro_2/Image-254_2024-12-05.jpg,1,1,5,6
/home/dubu/manh/dongvan-yolo/dataset-dongvan-train/train/chro_2/Image-283_2024-12-05.jpg,1,1,5,6
/home/dubu/manh/dongvan-yolo/dataset-dongvan-train/train/chro_2/Image-303_2024-12-05.jpg,1,1,5,6
/home/dubu/manh/dongvan-yolo/dataset-dongvan-train/train/chro_2/Image-259_2024-12-05.jpg,1,1,5,6
/home/dubu/manh/dongvan-yolo/dataset-dongvan-train/train/chro_2/Image-263_2024-12-05.jpg,1,1,5,6
/home/dubu/manh/dongvan-yolo/dataset-dongvan-train/train/chro_2/Image-307_2024-12-05.jpg,1,1,5,6
/home/dubu/manh/dongvan-yolo/dataset-dongvan-train/train/chro_2/Image-272_2024-12-05.jpg,1,1,5,6
/home/dubu/manh/dongvan-yolo/dataset-dongvan-train/train/chro_2/Image-276_2024-12-05.jpg,1,1,5,6
/home/dubu/manh/dongvan-yolo/dataset-dongvan-train/train/chro_2/Image-330_2024-12-05.jpg,1,1,5,6
/home/dubu/manh/dongvan-yolo/dataset-dongvan-train/train/chro_2/Image-317_2024-12-05.jpg,1,1,5,6
/home/dubu/manh/dongvan-yolo/dataset-dongvan-train/train/chro_2/Image-296_2024-12-05.jpg,1,1,5,6
/home/dubu/manh/dongvan-yolo/dataset-dongvan-train/train/chro_2/Image-216_2024-12-05.jpg,1,1,5,6
/home/dubu/manh/dongvan-yolo/dataset-dongvan-train/train/chro_2/Image-281_2024-12-05.jpg,1,1,5,6
/home/dubu/manh/dongvan-yolo/dataset-dongvan-train/train/chro_2/Image-295_2024-12-05.jpg,1,1,5,6
/home/dubu/manh/dongvan-yolo/dataset-dongvan-train/train/chro_2/Image-310_2024-12-05.jpg,1,1,5,6
/home/dubu/manh/dongvan-yolo/dataset-dongvan-train/train/chro_2/Image-290_2024-12-05.jpg,1,1,5,6
/home/dubu/manh/dongvan-yolo/dataset-dongvan-train/train/chro_2/Image-322_2024-12-05.jpg,1,1,5,6
/home/dubu/manh/dongvan-yolo/dataset-dongvan-train/train/chro_2/Image-280_2024-12-05.jpg,1,1,5,6
/home/dubu/manh/dongvan-yolo/dataset-dongvan-train/train/chro_2/Image-286_2024-12-05.jpg,1,1,5,6
/home/dubu/manh/dongvan-yolo/dataset-dongvan-train/train/chro_2/Image-265_2024-12-05.jpg,1,1,5,6
/home/dubu/manh/dongvan-yolo/dataset-dongvan-train/train/chro_2/Image-211_2024-12-05.jpg,1,1,5,6
/home/dubu/manh/dongvan-yolo/dataset-dongvan-train/train/chro_2/Image-291_2024-12-05.jpg,1,1,5,6
/home/dubu/manh/dongvan-yolo/dataset-dongvan-train/train/chro_2/Image-241_2024-12-05.jpg,1,1,5,6
/home/dubu/manh/dongvan-yolo/dataset-dongvan-train/train/chro_2/Image-228_2024-12-05.jpg,1,1,5,6
/home/dubu/manh/dongvan-yolo/dataset-dongvan-train/train/chro_2/Image-292_2024-12-05.jpg,1,1,5,6
/home/dubu/manh/dongvan-yolo/dataset-dongvan-train/train/chro_2/Image-278_2024-12-05.jpg,1,1,5,6
/home/dubu/manh/dongvan-yolo/dataset-dongvan-train/train/chro_2/Image-321_2024-12-05.jpg,1,1,5,6
/home/dubu/manh/dongvan-yolo/dataset-dongvan-train/train/chro_2/Image-219_2024-12-05.jpg,1,1,5,6
/home/dubu/manh/dongvan-yolo/dataset-dongvan-train/train/chro_2/Image-268_2024-12-05.jpg,1,1,5,6
/home/dubu/manh/dongvan-yolo/dataset-dongvan-train/train/chro_2/Image-245_2024-12-05.jpg,1,1,5,6
/home/dubu/manh/dongvan-yolo/dataset-dongvan-train/train/chro_2/Image-305_2024-12-05.jpg,1,1,5,6
/home/dubu/manh/dongvan-yolo/dataset-dongvan-train/train/chro_2/Image-298_2024-12-05.jpg,1,1,5,6
/home/dubu/manh/dongvan-yolo/dataset-dongvan-train/train/chro_2/Image-288_2024-12-05.jpg,1,1,5,6
/home/dubu/manh/dongvan-yolo/dataset-dongvan-train/train/chro_2/Image-269_2024-12-05.jpg,1,1,5,6
/home/dubu/manh/dongvan-yolo/dataset-dongvan-train/train/chro_2/Image-218_2024-12-05.jpg,1,1,5,6
/home/dubu/manh/dongvan-yolo/dataset-dongvan-train/train/chro_2/Image-223_2024-12-05.jpg,1,1,5,6
/home/dubu/manh/dongvan-yolo/dataset-dongvan-train/train/chro_2/Image-262_2024-12-05.jpg,1,1,5,6
/home/dubu/manh/dongvan-yolo/dataset-dongvan-train/train/chro_2/Image-319_2024-12-05.jpg,1,1,5,6
/home/dubu/manh/dongvan-yolo/dataset-dongvan-train/train/chro_2/Image-261_2024-12-05.jpg,1,1,5,6
/home/dubu/manh/dongvan-yolo/dataset-dongvan-train/train/chro_2/Image-316_2024-12-05.jpg,1,1,5,6
/home/dubu/manh/dongvan-yolo/dataset-dongvan-train/train/chro_2/Image-308_2024-12-05.jpg,1,1,5,6
/home/dubu/manh/dongvan-yolo/dataset-dongvan-train/train/chro_2/Image-253_2024-12-05.jpg,1,1,5,6
/home/dubu/manh/dongvan-yolo/dataset-dongvan-train/train/chro_2/Image-300_2024-12-05.jpg,1,1,5,6
/home/dubu/manh/dongvan-yolo/dataset-dongvan-train/train/chro_2/Image-217_2024-12-05.jpg,1,1,5,6
/home/dubu/manh/dongvan-yolo/dataset-dongvan-train/train/chro_2/Image-267_2024-12-05.jpg,1,1,5,6
/home/dubu/manh/dongvan-yolo/dataset-dongvan-train/train/chro_2/Image-320_2024-12-05.jpg,1,1,5,6
/home/dubu/manh/dongvan-yolo/dataset-dongvan-train/train/chro_2/Image-260_2024-12-05.jpg,1,1,5,6
/home/dubu/manh/dongvan-yolo/dataset-dongvan-train/train/chro_2/Image-255_2024-12-05.jpg,1,1,5,6
/home/dubu/manh/dongvan-yolo/dataset-dongvan-train/train/chro_2/Image-250_2024-12-05.jpg,1,1,5,6
/home/dubu/manh/dongvan-yolo/dataset-dongvan-train/train/chro_2/Image-273_2024-12-05.jpg,1,1,5,6
/home/dubu/manh/dongvan-yolo/dataset-dongvan-train/train/cler/Image-118_2024-12-03.jpg,3,5,9,7
/home/dubu/manh/dongvan-yolo/dataset-dongvan-train/train/cler/Image-99_2024-12-03.jpg,3,5,9,7
/home/dubu/manh/dongvan-yolo/dataset-dongvan-train/train/cler/Image-117_2024-12-03.jpg,3,5,9,7
/home/dubu/manh/dongvan-yolo/dataset-dongvan-train/train/cler/Image-90_2024-12-03.jpg,3,5,9,7
/home/dubu/manh/dongvan-yolo/dataset-dongvan-train/train/cler/Image-105_2024-12-03.jpg,3,5,9,7
/home/dubu/manh/dongvan-yolo/dataset-dongvan-train/train/cler/Image-60_2024-12-03.jpg,3,5,9,7
/home/dubu/manh/dongvan-yolo/dataset-dongvan-train/train/cler/Image-65_2024-12-03.jpg,3,5,9,7
/home/dubu/manh/dongvan-yolo/dataset-dongvan-train/train/cler/Image-108_2024-12-03.jpg,3,5,9,7
/home/dubu/manh/dongvan-yolo/dataset-dongvan-train/train/cler/Image-44_2024-12-03.jpg,3,5,9,7
/home/dubu/manh/dongvan-yolo/dataset-dongvan-train/train/cler/Image-73_2024-12-03.jpg,3,5,9,7
/home/dubu/manh/dongvan-yolo/dataset-dongvan-train/train/cler/Image-53_2024-12-03.jpg,3,5,9,7
/home/dubu/manh/dongvan-yolo/dataset-dongvan-train/train/cler/Image-114_2024-12-03.jpg,3,5,9,7
/home/dubu/manh/dongvan-yolo/dataset-dongvan-train/train/cler/Image-109_2024-12-03.jpg,3,5,9,7
/home/dubu/manh/dongvan-yolo/dataset-dongvan-train/train/cler/Image-47_2024-12-03.jpg,3,5,9,7
/home/dubu/manh/dongvan-yolo/dataset-dongvan-train/train/cler/Image-125_2024-12-03.jpg,3,5,9,7
/home/dubu/manh/dongvan-yolo/dataset-dongvan-train/train/cler/Image-77_2024-12-03.jpg,3,5,9,7
/home/dubu/manh/dongvan-yolo/dataset-dongvan-train/train/cler/Image-50_2024-12-03.jpg,3,5,9,7
/home/dubu/manh/dongvan-yolo/dataset-dongvan-train/train/cler/Image-59_2024-12-03.jpg,3,5,9,7
/home/dubu/manh/dongvan-yolo/dataset-dongvan-train/train/cler/Image-119_2024-12-03.jpg,3,5,9,7
/home/dubu/manh/dongvan-yolo/dataset-dongvan-train/train/cler/Image-32_2024-12-03.jpg,3,5,9,7
/home/dubu/manh/dongvan-yolo/dataset-dongvan-train/train/cler/Image-56_2024-12-03.jpg,3,5,9,7
/home/dubu/manh/dongvan-yolo/dataset-dongvan-train/train/cler/Image-29_2024-12-03.jpg,3,5,9,7
/home/dubu/manh/dongvan-yolo/dataset-dongvan-train/train/cler/Image-72_2024-12-03.jpg,3,5,9,7
/home/dubu/manh/dongvan-yolo/dataset-dongvan-train/train/cler/Image-80_2024-12-03.jpg,3,5,9,7
/home/dubu/manh/dongvan-yolo/dataset-dongvan-train/train/cler/Image-48_2024-12-03.jpg,3,5,9,7
/home/dubu/manh/dongvan-yolo/dataset-dongvan-train/train/cler/Image-71_2024-12-03.jpg,3,5,9,7
/home/dubu/manh/dongvan-yolo/dataset-dongvan-train/train/cler/Image-84_2024-12-03.jpg,3,5,9,7
/home/dubu/manh/dongvan-yolo/dataset-dongvan-train/train/cler/Image-66_2024-12-03.jpg,3,5,9,7
/home/dubu/manh/dongvan-yolo/dataset-dongvan-train/train/cler/Image-49_2024-12-03.jpg,3,5,9,7
/home/dubu/manh/dongvan-yolo/dataset-dongvan-train/train/cler/Image-39_2024-12-03.jpg,3,5,9,7
/home/dubu/manh/dongvan-yolo/dataset-dongvan-train/train/cler/Image-102_2024-12-03.jpg,3,5,9,7
/home/dubu/manh/dongvan-yolo/dataset-dongvan-train/train/cler/Image-74_2024-12-03(1).jpg,3,5,9,7
/home/dubu/manh/dongvan-yolo/dataset-dongvan-train/train/cler/Image-91_2024-12-03.jpg,3,5,9,7
/home/dubu/manh/dongvan-yolo/dataset-dongvan-train/train/cler/Image-120_2024-12-03.jpg,3,5,9,7
/home/dubu/manh/dongvan-yolo/dataset-dongvan-train/train/cler/Image-42_2024-12-03.jpg,3,5,9,7
/home/dubu/manh/dongvan-yolo/dataset-dongvan-train/train/cler/Image-57_2024-12-03.jpg,3,5,9,7
/home/dubu/manh/dongvan-yolo/dataset-dongvan-train/train/cler/Image-25_2024-12-03.jpg,3,5,9,7
/home/dubu/manh/dongvan-yolo/dataset-dongvan-train/train/cler/Image-67_2024-12-03.jpg,3,5,9,7
/home/dubu/manh/dongvan-yolo/dataset-dongvan-train/train/cler/Image-122_2024-12-03.jpg,3,5,9,7
/home/dubu/manh/dongvan-yolo/dataset-dongvan-train/train/cler/Image-81_2024-12-03.jpg,3,5,9,7
/home/dubu/manh/dongvan-yolo/dataset-dongvan-train/train/cler/Image-113_2024-12-03.jpg,3,5,9,7
/home/dubu/manh/dongvan-yolo/dataset-dongvan-train/train/cler/Image-110_2024-12-03.jpg,3,5,9,7
/home/dubu/manh/dongvan-yolo/dataset-dongvan-train/train/cler/Image-35_2024-12-03.jpg,3,5,9,7
/home/dubu/manh/dongvan-yolo/dataset-dongvan-train/train/cler/Image-68_2024-12-03.jpg,3,5,9,7
/home/dubu/manh/dongvan-yolo/dataset-dongvan-train/train/cler/Image-121_2024-12-03.jpg,3,5,9,7
/home/dubu/manh/dongvan-yolo/dataset-dongvan-train/train/cler/Image-106_2024-12-03.jpg,3,5,9,7
/home/dubu/manh/dongvan-yolo/dataset-dongvan-train/train/cler/Image-97_2024-12-03.jpg,3,5,9,7
/home/dubu/manh/dongvan-yolo/dataset-dongvan-train/train/cler/Image-58_2024-12-03.jpg,3,5,9,7
/home/dubu/manh/dongvan-yolo/dataset-dongvan-train/train/cler/Image-100_2024-12-03.jpg,3,5,9,7
/home/dubu/manh/dongvan-yolo/dataset-dongvan-train/train/cler/Image-104_2024-12-03.jpg,3,5,9,7
/home/dubu/manh/dongvan-yolo/dataset-dongvan-train/train/cler/Image-83_2024-12-03.jpg,3,5,9,7
/home/dubu/manh/dongvan-yolo/dataset-dongvan-train/train/cler/Image-115_2024-12-03.jpg,3,5,9,7
/home/dubu/manh/dongvan-yolo/dataset-dongvan-train/train/cler/Image-78_2024-12-03(1).jpg,3,5,9,7
/home/dubu/manh/dongvan-yolo/dataset-dongvan-train/train/cler/Image-98_2024-12-03.jpg,3,5,9,7
/home/dubu/manh/dongvan-yolo/dataset-dongvan-train/train/cler/Image-123_2024-12-03.jpg,3,5,9,7
/home/dubu/manh/dongvan-yolo/dataset-dongvan-train/train/cler/Image-82_2024-12-03.jpg,3,5,9,7
/home/dubu/manh/dongvan-yolo/dataset-dongvan-train/train/cler/Image-88_2024-12-03.jpg,3,5,9,7
/home/dubu/manh/dongvan-yolo/dataset-dongvan-train/train/cler/Image-45_2024-12-03.jpg,3,5,9,7
/home/dubu/manh/dongvan-yolo/dataset-dongvan-train/train/cler/Image-70_2024-12-03.jpg,3,5,9,7
/home/dubu/manh/dongvan-yolo/dataset-dongvan-train/train/cler/Image-31_2024-12-03.jpg,3,5,9,7
/home/dubu/manh/dongvan-yolo/dataset-dongvan-train/train/cler/Image-116_2024-12-03.jpg,3,5,9,7
/home/dubu/manh/dongvan-yolo/dataset-dongvan-train/train/cler/Image-75_2024-12-03.jpg,3,5,9,7
/home/dubu/manh/dongvan-yolo/dataset-dongvan-train/train/cler/Image-52_2024-12-03.jpg,3,5,9,7
/home/dubu/manh/dongvan-yolo/dataset-dongvan-train/train/cler/Image-51_2024-12-03.jpg,3,5,9,7
/home/dubu/manh/dongvan-yolo/dataset-dongvan-train/train/cler/Image-37_2024-12-03.jpg,3,5,9,7
/home/dubu/manh/dongvan-yolo/dataset-dongvan-train/train/cler/Image-96_2024-12-03.jpg,3,5,9,7
/home/dubu/manh/dongvan-yolo/dataset-dongvan-train/train/cler/Image-26_2024-12-03.jpg,3,5,9,7
/home/dubu/manh/dongvan-yolo/dataset-dongvan-train/train/cler/Image-78_2024-12-03.jpg,3,5,9,7
/home/dubu/manh/dongvan-yolo/dataset-dongvan-train/train/cler/Image-86_2024-12-03.jpg,3,5,9,7
/home/dubu/manh/dongvan-yolo/dataset-dongvan-train/train/cler/Image-89_2024-12-03.jpg,3,5,9,7
/home/dubu/manh/dongvan-yolo/dataset-dongvan-train/train/cler/Image-107_2024-12-03.jpg,3,5,9,7
/home/dubu/manh/dongvan-yolo/dataset-dongvan-train/train/cler/Image-43_2024-12-03.jpg,3,5,9,7
/home/dubu/manh/dongvan-yolo/dataset-dongvan-train/train/cler/Image-124_2024-12-03.jpg,3,5,9,7
/home/dubu/manh/dongvan-yolo/dataset-dongvan-train/train/cler/Image-54_2024-12-03.jpg,3,5,9,7
/home/dubu/manh/dongvan-yolo/dataset-dongvan-train/train/cler/Image-30_2024-12-03.jpg,3,5,9,7
/home/dubu/manh/dongvan-yolo/dataset-dongvan-train/train/cler/Image-79_2024-12-03.jpg,3,5,9,7
/home/dubu/manh/dongvan-yolo/dataset-dongvan-train/train/cler/Image-46_2024-12-03.jpg,3,5,9,7
/home/dubu/manh/dongvan-yolo/dataset-dongvan-train/train/cler/Image-40_2024-12-03.jpg,3,5,9,7
/home/dubu/manh/dongvan-yolo/dataset-dongvan-train/train/cler/Image-38_2024-12-03.jpg,3,5,9,7
/home/dubu/manh/dongvan-yolo/dataset-dongvan-train/train/cler/Image-27_2024-12-03.jpg,3,5,9,7
/home/dubu/manh/dongvan-yolo/dataset-dongvan-train/train/cler_1/Image-60_2024-11-30.jpg,3,5,9,8
/home/dubu/manh/dongvan-yolo/dataset-dongvan-train/train/cler_1/Image-53_2024-12-04.jpg,3,5,9,8
/home/dubu/manh/dongvan-yolo/dataset-dongvan-train/train/cler_1/Image-8_2024-11-30.jpg,3,5,9,8
/home/dubu/manh/dongvan-yolo/dataset-dongvan-train/train/cler_1/Image-54_2024-12-04.jpg,3,5,9,8
/home/dubu/manh/dongvan-yolo/dataset-dongvan-train/train/cler_1/Image-69_2024-12-04.jpg,3,5,9,8
/home/dubu/manh/dongvan-yolo/dataset-dongvan-train/train/cler_1/Image-148_2024-12-04.jpg,3,5,9,8
/home/dubu/manh/dongvan-yolo/dataset-dongvan-train/train/cler_1/Image-96_2024-12-04.jpg,3,5,9,8
/home/dubu/manh/dongvan-yolo/dataset-dongvan-train/train/cler_1/Image-5_2024-12-04.jpg,3,5,9,8
/home/dubu/manh/dongvan-yolo/dataset-dongvan-train/train/cler_1/Image-3_2024-12-04.jpg,3,5,9,8
/home/dubu/manh/dongvan-yolo/dataset-dongvan-train/train/cler_1/Image-4_2024-12-06.jpg,3,5,9,8
/home/dubu/manh/dongvan-yolo/dataset-dongvan-train/train/cler_1/Image-2_2024-12-06.jpg,3,5,9,8
/home/dubu/manh/dongvan-yolo/dataset-dongvan-train/train/cler_1/Image-30_2024-11-30.jpg,3,5,9,8
/home/dubu/manh/dongvan-yolo/dataset-dongvan-train/train/cler_1/Image-145_2024-12-04.jpg,3,5,9,8
/home/dubu/manh/dongvan-yolo/dataset-dongvan-train/train/cler_1/Image-150_2024-12-04.jpg,3,5,9,8
/home/dubu/manh/dongvan-yolo/dataset-dongvan-train/train/cler_1/Image-38_2024-11-30.jpg,3,5,9,8
/home/dubu/manh/dongvan-yolo/dataset-dongvan-train/train/cler_1/Image-70_2024-11-30.jpg,3,5,9,8
/home/dubu/manh/dongvan-yolo/dataset-dongvan-train/train/cler_1/Image-152_2024-12-04.jpg,3,5,9,8
/home/dubu/manh/dongvan-yolo/dataset-dongvan-train/train/cler_1/Image-58_2024-12-04.jpg,3,5,9,8
/home/dubu/manh/dongvan-yolo/dataset-dongvan-train/train/cler_1/Image-41_2024-12-04.jpg,3,5,9,8
/home/dubu/manh/dongvan-yolo/dataset-dongvan-train/train/cler_1/Image-56_2024-11-30.jpg,3,5,9,8
/home/dubu/manh/dongvan-yolo/dataset-dongvan-train/train/cler_1/Image-3_2024-11-30.jpg,3,5,9,8
/home/dubu/manh/dongvan-yolo/dataset-dongvan-train/train/cler_1/Image-26_2024-12-04.jpg,3,5,9,8
/home/dubu/manh/dongvan-yolo/dataset-dongvan-train/train/cler_1/Image-91_2024-11-30.jpg,3,5,9,8
/home/dubu/manh/dongvan-yolo/dataset-dongvan-train/train/cler_1/Image-48_2024-11-30.jpg,3,5,9,8
/home/dubu/manh/dongvan-yolo/dataset-dongvan-train/train/cler_1/Image-14_2024-11-30.jpg,3,5,9,8
/home/dubu/manh/dongvan-yolo/dataset-dongvan-train/train/cler_1/Image-18_2024-12-04.jpg,3,5,9,8
/home/dubu/manh/dongvan-yolo/dataset-dongvan-train/train/cler_1/Image-144_2024-12-04.jpg,3,5,9,8
/home/dubu/manh/dongvan-yolo/dataset-dongvan-train/train/cler_1/Image-87_2024-11-30.jpg,3,5,9,8
/home/dubu/manh/dongvan-yolo/dataset-dongvan-train/train/cler_1/Image-46_2024-12-04.jpg,3,5,9,8
/home/dubu/manh/dongvan-yolo/dataset-dongvan-train/train/cler_1/Image-37_2024-11-30.jpg,3,5,9,8
/home/dubu/manh/dongvan-yolo/dataset-dongvan-train/train/cler_1/Image-27_2024-11-30.jpg,3,5,9,8
/home/dubu/manh/dongvan-yolo/dataset-dongvan-train/train/cler_1/Image-22_2024-12-06.jpg,3,5,9,8
/home/dubu/manh/dongvan-yolo/dataset-dongvan-train/train/cler_1/Image-5_2024-11-30.jpg,3,5,9,8
/home/dubu/manh/dongvan-yolo/dataset-dongvan-train/train/cler_1/Image-155_2024-12-04.jpg,3,5,9,8
/home/dubu/manh/dongvan-yolo/dataset-dongvan-train/train/cler_1/Image-6_2024-12-06.jpg,3,5,9,8
/home/dubu/manh/dongvan-yolo/dataset-dongvan-train/train/cler_1/Image-49_2024-12-04.jpg,3,5,9,8
/home/dubu/manh/dongvan-yolo/dataset-dongvan-train/train/cler_1/Image-14_2024-12-06.jpg,3,5,9,8
/home/dubu/manh/dongvan-yolo/dataset-dongvan-train/train/cler_1/Image-147_2024-12-04.jpg,3,5,9,8
/home/dubu/manh/dongvan-yolo/dataset-dongvan-train/train/cler_1/Image-63_2024-12-04.jpg,3,5,9,8
/home/dubu/manh/dongvan-yolo/dataset-dongvan-train/train/cler_1/Image-98_2024-12-04.jpg,3,5,9,8
/home/dubu/manh/dongvan-yolo/dataset-dongvan-train/train/cler_1/Image-7_2024-12-06.jpg,3,5,9,8
/home/dubu/manh/dongvan-yolo/dataset-dongvan-train/train/cler_1/Image-95_2024-11-30.jpg,3,5,9,8
/home/dubu/manh/dongvan-yolo/dataset-dongvan-train/train/cler_1/Image-57_2024-12-04.jpg,3,5,9,8
/home/dubu/manh/dongvan-yolo/dataset-dongvan-train/train/cler_1/Image-34_2024-11-30.jpg,3,5,9,8
/home/dubu/manh/dongvan-yolo/dataset-dongvan-train/train/cler_1/Image-97_2024-12-04.jpg,3,5,9,8
/home/dubu/manh/dongvan-yolo/dataset-dongvan-train/train/cler_1/Image-90_2024-12-04.jpg,3,5,9,8
/home/dubu/manh/dongvan-yolo/dataset-dongvan-train/train/cler_1/Image-50_2024-12-04.jpg,3,5,9,8
/home/dubu/manh/dongvan-yolo/dataset-dongvan-train/train/cler_1/Image-87_2024-12-04.jpg,3,5,9,8
/home/dubu/manh/dongvan-yolo/dataset-dongvan-train/train/cler_1/Image-101_2024-12-04.jpg,3,5,9,8
/home/dubu/manh/dongvan-yolo/dataset-dongvan-train/train/cler_1/Image-37_2024-12-06.jpg,3,5,9,8
/home/dubu/manh/dongvan-yolo/dataset-dongvan-train/train/cler_1/Image-79_2024-12-04.jpg,3,5,9,8
/home/dubu/manh/dongvan-yolo/dataset-dongvan-train/train/cler_1/Image-156_2024-12-04.jpg,3,5,9,8
/home/dubu/manh/dongvan-yolo/dataset-dongvan-train/train/cler_1/Image-54_2024-11-30.jpg,3,5,9,8
/home/dubu/manh/dongvan-yolo/dataset-dongvan-train/train/cler_1/Image-81_2024-12-04.jpg,3,5,9,8
/home/dubu/manh/dongvan-yolo/dataset-dongvan-train/train/cler_1/Image-83_2024-11-30.jpg,3,5,9,8
/home/dubu/manh/dongvan-yolo/dataset-dongvan-train/train/cler_1/Image-28_2024-11-30.jpg,3,5,9,8
/home/dubu/manh/dongvan-yolo/dataset-dongvan-train/train/cler_1/Image-59_2024-11-30.jpg,3,5,9,8
/home/dubu/manh/dongvan-yolo/dataset-dongvan-train/train/cler_1/Image-11_2024-12-06.jpg,3,5,9,8
/home/dubu/manh/dongvan-yolo/dataset-dongvan-train/train/cler_1/Image-9_2024-12-04.jpg,3,5,9,8
/home/dubu/manh/dongvan-yolo/dataset-dongvan-train/train/cler_1/Image-51_2024-11-30.jpg,3,5,9,8
/home/dubu/manh/dongvan-yolo/dataset-dongvan-train/train/cler_1/Image-81_2024-11-30.jpg,3,5,9,8
/home/dubu/manh/dongvan-yolo/dataset-dongvan-train/train/cler_1/Image-19_2024-11-30.jpg,3,5,9,8
/home/dubu/manh/dongvan-yolo/dataset-dongvan-train/train/cler_1/Image-43_2024-11-30.jpg,3,5,9,8
/home/dubu/manh/dongvan-yolo/dataset-dongvan-train/train/cler_1/Image-10_2024-12-04.jpg,3,5,9,8
/home/dubu/manh/dongvan-yolo/dataset-dongvan-train/train/cler_1/Image-69_2024-11-30.jpg,3,5,9,8
/home/dubu/manh/dongvan-yolo/dataset-dongvan-train/train/cler_1/Image-71_2024-11-30.jpg,3,5,9,8
/home/dubu/manh/dongvan-yolo/dataset-dongvan-train/train/cler_1/Image-33_2024-12-04.jpg,3,5,9,8
/home/dubu/manh/dongvan-yolo/dataset-dongvan-train/train/cler_1/Image-79_2024-11-30.jpg,3,5,9,8
/home/dubu/manh/dongvan-yolo/dataset-dongvan-train/train/cler_1/Image-26_2024-11-30.jpg,3,5,9,8
/home/dubu/manh/dongvan-yolo/dataset-dongvan-train/train/cler_1/Image-1_2024-12-04.jpg,3,5,9,8
/home/dubu/manh/dongvan-yolo/dataset-dongvan-train/train/cler_1/Image-88_2024-11-30.jpg,3,5,9,8
/home/dubu/manh/dongvan-yolo/dataset-dongvan-train/train/cler_1/Image-100_2024-12-04.jpg,3,5,9,8
/home/dubu/manh/dongvan-yolo/dataset-dongvan-train/train/cler_1/Image-73_2024-12-04.jpg,3,5,9,8
/home/dubu/manh/dongvan-yolo/dataset-dongvan-train/train/cler_1/Image-49_2024-11-30.jpg,3,5,9,8
/home/dubu/manh/dongvan-yolo/dataset-dongvan-train/train/cler_1/Image-42_2024-12-04.jpg,3,5,9,8
/home/dubu/manh/dongvan-yolo/dataset-dongvan-train/train/cler_1/Image-22_2024-11-30.jpg,3,5,9,8
/home/dubu/manh/dongvan-yolo/dataset-dongvan-train/train/cler_1/Image-8_2024-12-06.jpg,3,5,9,8
/home/dubu/manh/dongvan-yolo/dataset-dongvan-train/train/cler_1/Image-5_2024-12-06.jpg,3,5,9,8
/home/dubu/manh/dongvan-yolo/dataset-dongvan-train/train/cler_1/Image-34_2024-12-06.jpg,3,5,9,8
/home/dubu/manh/dongvan-yolo/dataset-dongvan-train/train/cler_1/Image-28_2024-12-06.jpg,3,5,9,8
/home/dubu/manh/dongvan-yolo/dataset-dongvan-train/train/cler_1/Image-65_2024-11-30.jpg,3,5,9,8
/home/dubu/manh/dongvan-yolo/dataset-dongvan-train/train/cler_1/Image-151_2024-12-04.jpg,3,5,9,8
/home/dubu/manh/dongvan-yolo/dataset-dongvan-train/train/cler_1/Image-74_2024-11-30.jpg,3,5,9,8
/home/dubu/manh/dongvan-yolo/dataset-dongvan-train/train/cler_1/Image-102_2024-12-04.jpg,3,5,9,8
/home/dubu/manh/dongvan-yolo/dataset-dongvan-train/train/cler_1/Image-97_2024-11-30.jpg,3,5,9,8
/home/dubu/manh/dongvan-yolo/dataset-dongvan-train/train/cler_1/Image-33_2024-11-30.jpg,3,5,9,8
/home/dubu/manh/dongvan-yolo/dataset-dongvan-train/train/cler_1/Image-25_2024-12-04.jpg,3,5,9,8
/home/dubu/manh/dongvan-yolo/dataset-dongvan-train/train/cler_1/Image-98_2024-11-30.jpg,3,5,9,8
/home/dubu/manh/dongvan-yolo/dataset-dongvan-train/train/cler_1/Image-9_2024-12-06.jpg,3,5,9,8
/home/dubu/manh/dongvan-yolo/dataset-dongvan-train/train/cler_1/Image-30_2024-12-04.jpg,3,5,9,8
/home/dubu/manh/dongvan-yolo/dataset-dongvan-train/train/cler_1/Image-56_2024-12-04.jpg,3,5,9,8
/home/dubu/manh/dongvan-yolo/dataset-dongvan-train/train/cler_1/Image-45_2024-12-04.jpg,3,5,9,8
/home/dubu/manh/dongvan-yolo/dataset-dongvan-train/train/cler_1/Image-55_2024-12-04.jpg,3,5,9,8
/home/dubu/manh/dongvan-yolo/dataset-dongvan-train/train/cler_1/Image-1_2024-12-06.jpg,3,5,9,8
/home/dubu/manh/dongvan-yolo/dataset-dongvan-train/train/cler_1/Image-12_2024-12-04.jpg,3,5,9,8
/home/dubu/manh/dongvan-yolo/dataset-dongvan-train/train/cler_1/Image-59_2024-12-04.jpg,3,5,9,8
/home/dubu/manh/dongvan-yolo/dataset-dongvan-train/train/cler_1/Image-12_2024-11-30.jpg,3,5,9,8
/home/dubu/manh/dongvan-yolo/dataset-dongvan-train/train/cler_1/Image-15_2024-11-30.jpg,3,5,9,8
/home/dubu/manh/dongvan-yolo/dataset-dongvan-train/train/cler_1/Image-8_2024-12-04.jpg,3,5,9,8
/home/dubu/manh/dongvan-yolo/dataset-dongvan-train/train/cler_1/Image-43_2024-12-04 (2).jpg,3,5,9,8
/home/dubu/manh/dongvan-yolo/dataset-dongvan-train/train/cler_1/Image-82_2024-12-04.jpg,3,5,9,8
/home/dubu/manh/dongvan-yolo/dataset-dongvan-train/train/cler_1/Image-39_2024-11-30.jpg,3,5,9,8
/home/dubu/manh/dongvan-yolo/dataset-dongvan-train/train/cler_1/Image-35_2024-12-06.jpg,3,5,9,8
/home/dubu/manh/dongvan-yolo/dataset-dongvan-train/train/cler_1/Image-94_2024-12-04.jpg,3,5,9,8
/home/dubu/manh/dongvan-yolo/dataset-dongvan-train/train/cler_1/Image-40_2024-11-30.jpg,3,5,9,8
/home/dubu/manh/dongvan-yolo/dataset-dongvan-train/train/cler_1/Image-32_2024-12-04.jpg,3,5,9,8
/home/dubu/manh/dongvan-yolo/dataset-dongvan-train/train/cler_1/Image-43_2024-12-04.jpg,3,5,9,8
/home/dubu/manh/dongvan-yolo/dataset-dongvan-train/train/cler_1/Image-51_2024-12-04.jpg,3,5,9,8
/home/dubu/manh/dongvan-yolo/dataset-dongvan-train/train/cler_1/Image-35_2024-11-30.jpg,3,5,9,8
/home/dubu/manh/dongvan-yolo/dataset-dongvan-train/train/cler_1/Image-24_2024-12-04.jpg,3,5,9,8
/home/dubu/manh/dongvan-yolo/dataset-dongvan-train/train/cler_1/Image-67_2024-11-30.jpg,3,5,9,8
/home/dubu/manh/dongvan-yolo/dataset-dongvan-train/train/cler_1/Image-23_2024-12-06.jpg,3,5,9,8
/home/dubu/manh/dongvan-yolo/dataset-dongvan-train/train/cler_1/Image-77_2024-11-30.jpg,3,5,9,8
/home/dubu/manh/dongvan-yolo/dataset-dongvan-train/train/cler_1/Image-32_2024-12-06.jpg,3,5,9,8
/home/dubu/manh/dongvan-yolo/dataset-dongvan-train/train/cler_1/Image-88_2024-12-04.jpg,3,5,9,8
/home/dubu/manh/dongvan-yolo/dataset-dongvan-train/train/cler_1/Image-66_2024-11-30.jpg,3,5,9,8
/home/dubu/manh/dongvan-yolo/dataset-dongvan-train/train/cler_1/Image-74_2024-12-04.jpg,3,5,9,8
/home/dubu/manh/dongvan-yolo/dataset-dongvan-train/train/cler_1/Image-10_2024-12-06.jpg,3,5,9,8
/home/dubu/manh/dongvan-yolo/dataset-dongvan-train/train/cler_1/Image-99_2024-11-30.jpg,3,5,9,8
/home/dubu/manh/dongvan-yolo/dataset-dongvan-train/train/cler_1/Image-6_2024-11-30.jpg,3,5,9,8
/home/dubu/manh/dongvan-yolo/dataset-dongvan-train/train/cler_1/Image-4_2024-12-04.jpg,3,5,9,8
/home/dubu/manh/dongvan-yolo/dataset-dongvan-train/train/cler_1/Image-46_2024-11-30.jpg,3,5,9,8
/home/dubu/manh/dongvan-yolo/dataset-dongvan-train/train/cler_1/Image-21_2024-12-06.jpg,3,5,9,8
/home/dubu/manh/dongvan-yolo/dataset-dongvan-train/train/cler_1/Image-92_2024-11-30.jpg,3,5,9,8
/home/dubu/manh/dongvan-yolo/dataset-dongvan-train/train/cler_1/Image-16_2024-11-30.jpg,3,5,9,8
/home/dubu/manh/dongvan-yolo/dataset-dongvan-train/train/cler_1/Image-47_2024-11-30.jpg,3,5,9,8
/home/dubu/manh/dongvan-yolo/dataset-dongvan-train/train/cler_1/Image-42_2024-11-30.jpg,3,5,9,8
/home/dubu/manh/dongvan-yolo/dataset-dongvan-train/train/cler_1/Image-25_2024-12-06.jpg,3,5,9,8
/home/dubu/manh/dongvan-yolo/dataset-dongvan-train/train/cler_1/Image-85_2024-11-30.jpg,3,5,9,8
/home/dubu/manh/dongvan-yolo/dataset-dongvan-train/train/cler_1/Image-36_2024-12-04.jpg,3,5,9,8
/home/dubu/manh/dongvan-yolo/dataset-dongvan-train/train/cler_1/Image-44_2024-11-30.jpg,3,5,9,8
/home/dubu/manh/dongvan-yolo/dataset-dongvan-train/train/cler_1/Image-13_2024-12-04.jpg,3,5,9,8
/home/dubu/manh/dongvan-yolo/dataset-dongvan-train/train/cler_1/Image-83_2024-12-04.jpg,3,5,9,8
/home/dubu/manh/dongvan-yolo/dataset-dongvan-train/train/cler_1/Image-64_2024-12-04.jpg,3,5,9,8
/home/dubu/manh/dongvan-yolo/dataset-dongvan-train/train/cler_1/Image-77_2024-12-04.jpg,3,5,9,8
/home/dubu/manh/dongvan-yolo/dataset-dongvan-train/train/cler_1/Image-89_2024-11-30.jpg,3,5,9,8
/home/dubu/manh/dongvan-yolo/dataset-dongvan-train/train/cler_1/Image-78_2024-12-04.jpg,3,5,9,8
/home/dubu/manh/dongvan-yolo/dataset-dongvan-train/train/cler_1/Image-52_2024-12-04.jpg,3,5,9,8
/home/dubu/manh/dongvan-yolo/dataset-dongvan-train/train/cler_1/Image-72_2024-11-30.jpg,3,5,9,8
/home/dubu/manh/dongvan-yolo/dataset-dongvan-train/train/cler_1/Image-17_2024-11-30.jpg,3,5,9,8
/home/dubu/manh/dongvan-yolo/dataset-dongvan-train/train/cler_1/Image-28_2024-12-04.jpg,3,5,9,8
/home/dubu/manh/dongvan-yolo/dataset-dongvan-train/train/cler_1/Image-36_2024-12-06.jpg,3,5,9,8
/home/dubu/manh/dongvan-yolo/dataset-dongvan-train/train/cler_1/Image-60_2024-12-04.jpg,3,5,9,8
/home/dubu/manh/dongvan-yolo/dataset-dongvan-train/train/cler_1/Image-24_2024-12-06.jpg,3,5,9,8
/home/dubu/manh/dongvan-yolo/dataset-dongvan-train/train/cler_1/Image-73_2024-11-30.jpg,3,5,9,8
/home/dubu/manh/dongvan-yolo/dataset-dongvan-train/train/cler_1/Image-66_2024-12-04.jpg,3,5,9,8
/home/dubu/manh/dongvan-yolo/dataset-dongvan-train/train/cler_1/Image-12_2024-12-06.jpg,3,5,9,8
/home/dubu/manh/dongvan-yolo/dataset-dongvan-train/train/cler_1/Image-16_2024-12-04.jpg,3,5,9,8
/home/dubu/manh/dongvan-yolo/dataset-dongvan-train/train/cler_1/Image-14_2024-12-04.jpg,3,5,9,8
/home/dubu/manh/dongvan-yolo/dataset-dongvan-train/train/cler_1/Image-75_2024-11-30.jpg,3,5,9,8
/home/dubu/manh/dongvan-yolo/dataset-dongvan-train/train/cler_1/Image-85_2024-12-04.jpg,3,5,9,8
/home/dubu/manh/dongvan-yolo/dataset-dongvan-train/train/cler_1/Image-71_2024-12-04.jpg,3,5,9,8
/home/dubu/manh/dongvan-yolo/dataset-dongvan-train/train/cler_1/Image-89_2024-12-04.jpg,3,5,9,8
/home/dubu/manh/dongvan-yolo/dataset-dongvan-train/train/cler_1/Image-17_2024-12-06.jpg,3,5,9,8
/home/dubu/manh/dongvan-yolo/dataset-dongvan-train/train/cler_1/Image-24_2024-11-30.jpg,3,5,9,8
/home/dubu/manh/dongvan-yolo/dataset-dongvan-train/train/cler_1/Image-29_2024-11-30.jpg,3,5,9,8
/home/dubu/manh/dongvan-yolo/dataset-dongvan-train/train/cler_1/Image-63_2024-11-30.jpg,3,5,9,8
/home/dubu/manh/dongvan-yolo/dataset-dongvan-train/train/cler_1/Image-16_2024-12-06.jpg,3,5,9,8
/home/dubu/manh/dongvan-yolo/dataset-dongvan-train/train/cler_1/Image-48_2024-12-04.jpg,3,5,9,8
/home/dubu/manh/dongvan-yolo/dataset-dongvan-train/train/cler_1/Image-31_2024-12-06.jpg,3,5,9,8
/home/dubu/manh/dongvan-yolo/dataset-dongvan-train/train/cler_1/Image-44_2024-12-04.jpg,3,5,9,8
/home/dubu/manh/dongvan-yolo/dataset-dongvan-train/train/cler_1/Image-78_2024-11-30.jpg,3,5,9,8
/home/dubu/manh/dongvan-yolo/dataset-dongvan-train/train/cler_1/Image-11_2024-12-04.jpg,3,5,9,8
/home/dubu/manh/dongvan-yolo/dataset-dongvan-train/train/cler_1/Image-34_2024-12-04.jpg,3,5,9,8
/home/dubu/manh/dongvan-yolo/dataset-dongvan-train/train/cler_1/Image-15_2024-12-06.jpg,3,5,9,8
/home/dubu/manh/dongvan-yolo/dataset-dongvan-train/train/cler_1/Image-94_2024-11-30.jpg,3,5,9,8
/home/dubu/manh/dongvan-yolo/dataset-dongvan-train/train/cler_1/Image-47_2024-12-04.jpg,3,5,9,8
/home/dubu/manh/dongvan-yolo/dataset-dongvan-train/train/cler_1/Image-29_2024-12-06.jpg,3,5,9,8
/home/dubu/manh/dongvan-yolo/dataset-dongvan-train/train/cler_1/Image-96_2024-11-30.jpg,3,5,9,8
/home/dubu/manh/dongvan-yolo/dataset-dongvan-train/train/cler_1/Image-13_2024-11-30.jpg,3,5,9,8
/home/dubu/manh/dongvan-yolo/dataset-dongvan-train/train/cler_1/Image-38_2024-12-04.jpg,3,5,9,8
/home/dubu/manh/dongvan-yolo/dataset-dongvan-train/train/cler_1/Image-7_2024-12-04.jpg,3,5,9,8
/home/dubu/manh/dongvan-yolo/dataset-dongvan-train/train/cler_1/Image-65_2024-12-04.jpg,3,5,9,8
/home/dubu/manh/dongvan-yolo/dataset-dongvan-train/train/cler_1/Image-27_2024-12-06.jpg,3,5,9,8
/home/dubu/manh/dongvan-yolo/dataset-dongvan-train/train/cler_1/Image-6_2024-12-04.jpg,3,5,9,8
/home/dubu/manh/dongvan-yolo/dataset-dongvan-train/train/cler_1/Image-99_2024-12-04.jpg,3,5,9,8
/home/dubu/manh/dongvan-yolo/dataset-dongvan-train/train/cler_1/Image-93_2024-11-30.jpg,3,5,9,8
/home/dubu/manh/dongvan-yolo/dataset-dongvan-train/train/cler_1/Image-41_2024-11-30.jpg,3,5,9,8
/home/dubu/manh/dongvan-yolo/dataset-dongvan-train/train/cler_1/Image-39_2024-12-06.jpg,3,5,9,8
/home/dubu/manh/dongvan-yolo/dataset-dongvan-train/train/cler_1/Image-35_2024-12-04.jpg,3,5,9,8
/home/dubu/manh/dongvan-yolo/dataset-dongvan-train/train/cler_1/Image-146_2024-12-04.jpg,3,5,9,8
/home/dubu/manh/dongvan-yolo/dataset-dongvan-train/train/cler_1/Image-93_2024-12-04.jpg,3,5,9,8
/home/dubu/manh/dongvan-yolo/dataset-dongvan-train/train/cler_1/Image-1_2024-11-30.jpg,3,5,9,8
/home/dubu/manh/dongvan-yolo/dataset-dongvan-train/train/cler_1/Image-62_2024-11-30.jpg,3,5,9,8
/home/dubu/manh/dongvan-yolo/dataset-dongvan-train/train/cler_1/Image-57_2024-11-30.jpg,3,5,9,8
/home/dubu/manh/dongvan-yolo/dataset-dongvan-train/train/cler_1/Image-30_2024-12-06.jpg,3,5,9,8
/home/dubu/manh/dongvan-yolo/dataset-dongvan-train/train/cler_1/Image-19_2024-12-06.jpg,3,5,9,8
/home/dubu/manh/dongvan-yolo/dataset-dongvan-train/train/cler_1/Image-103_2024-12-04.jpg,3,5,9,8
/home/dubu/manh/dongvan-yolo/dataset-dongvan-train/train/cler_1/Image-4_2024-11-30.jpg,3,5,9,8
/home/dubu/manh/dongvan-yolo/dataset-dongvan-train/train/cler_1/Image-50_2024-11-30.jpg,3,5,9,8
/home/dubu/manh/dongvan-yolo/dataset-dongvan-train/train/clin/Image-136_2024-12-01.jpg,3,7,15,9
/home/dubu/manh/dongvan-yolo/dataset-dongvan-train/train/clin/Image-199_2024-12-01.jpg,3,7,15,9
/home/dubu/manh/dongvan-yolo/dataset-dongvan-train/train/clin/Image-197_2024-12-01.jpg,3,7,15,9
/home/dubu/manh/dongvan-yolo/dataset-dongvan-train/train/clin/Image-115_2024-12-01.jpg,3,7,15,9
/home/dubu/manh/dongvan-yolo/dataset-dongvan-train/train/clin/Image-140_2024-12-01.jpg,3,7,15,9
/home/dubu/manh/dongvan-yolo/dataset-dongvan-train/train/clin/Image-163_2024-12-01.jpg,3,7,15,9
/home/dubu/manh/dongvan-yolo/dataset-dongvan-train/train/clin/Image-131_2024-12-01.jpg,3,7,15,9
/home/dubu/manh/dongvan-yolo/dataset-dongvan-train/train/clin/Image-178_2024-12-01.jpg,3,7,15,9
/home/dubu/manh/dongvan-yolo/dataset-dongvan-train/train/clin/Image-143_2024-12-01.jpg,3,7,15,9
/home/dubu/manh/dongvan-yolo/dataset-dongvan-train/train/clin/Image-201_2024-12-01.jpg,3,7,15,9
/home/dubu/manh/dongvan-yolo/dataset-dongvan-train/train/clin/Image-154_2024-12-01.jpg,3,7,15,9
/home/dubu/manh/dongvan-yolo/dataset-dongvan-train/train/clin/Image-139_2024-12-01.jpg,3,7,15,9
/home/dubu/manh/dongvan-yolo/dataset-dongvan-train/train/clin/Image-128_2024-12-01.jpg,3,7,15,9
/home/dubu/manh/dongvan-yolo/dataset-dongvan-train/train/clin/Image-204_2024-12-01.jpg,3,7,15,9
/home/dubu/manh/dongvan-yolo/dataset-dongvan-train/train/clin/Image-141_2024-12-01.jpg,3,7,15,9
/home/dubu/manh/dongvan-yolo/dataset-dongvan-train/train/clin/Image-187_2024-12-01.jpg,3,7,15,9
/home/dubu/manh/dongvan-yolo/dataset-dongvan-train/train/clin/Image-116_2024-12-01.jpg,3,7,15,9
/home/dubu/manh/dongvan-yolo/dataset-dongvan-train/train/clin/Image-114_2024-12-01.jpg,3,7,15,9
/home/dubu/manh/dongvan-yolo/dataset-dongvan-train/train/clin/Image-133_2024-12-01.jpg,3,7,15,9
/home/dubu/manh/dongvan-yolo/dataset-dongvan-train/train/clin/Image-150_2024-12-01.jpg,3,7,15,9
/home/dubu/manh/dongvan-yolo/dataset-dongvan-train/train/clin/Image-145_2024-12-01.jpg,3,7,15,9
/home/dubu/manh/dongvan-yolo/dataset-dongvan-train/train/clin/Image-113_2024-12-01.jpg,3,7,15,9
/home/dubu/manh/dongvan-yolo/dataset-dongvan-train/train/clin/Image-160_2024-12-01.jpg,3,7,15,9
/home/dubu/manh/dongvan-yolo/dataset-dongvan-train/train/clin/Image-151_2024-12-01.jpg,3,7,15,9
/home/dubu/manh/dongvan-yolo/dataset-dongvan-train/train/clin/Image-159_2024-12-01.jpg,3,7,15,9
/home/dubu/manh/dongvan-yolo/dataset-dongvan-train/train/clin/Image-135_2024-12-01.jpg,3,7,15,9
/home/dubu/manh/dongvan-yolo/dataset-dongvan-train/train/clin/Image-119_2024-12-01.jpg,3,7,15,9
/home/dubu/manh/dongvan-yolo/dataset-dongvan-train/train/clin/Image-202_2024-12-01.jpg,3,7,15,9
/home/dubu/manh/dongvan-yolo/dataset-dongvan-train/train/clin/Image-183_2024-12-01.jpg,3,7,15,9
/home/dubu/manh/dongvan-yolo/dataset-dongvan-train/train/clin/Image-172_2024-12-01.jpg,3,7,15,9
/home/dubu/manh/dongvan-yolo/dataset-dongvan-train/train/clin/Image-185_2024-12-01.jpg,3,7,15,9
/home/dubu/manh/dongvan-yolo/dataset-dongvan-train/train/clin/Image-176_2024-12-01.jpg,3,7,15,9
/home/dubu/manh/dongvan-yolo/dataset-dongvan-train/train/clin/Image-179_2024-12-01.jpg,3,7,15,9
/home/dubu/manh/dongvan-yolo/dataset-dongvan-train/train/clin/Image-157_2024-12-01.jpg,3,7,15,9
/home/dubu/manh/dongvan-yolo/dataset-dongvan-train/train/clin/Image-200_2024-12-01.jpg,3,7,15,9
/home/dubu/manh/dongvan-yolo/dataset-dongvan-train/train/clin/Image-182_2024-12-01.jpg,3,7,15,9
/home/dubu/manh/dongvan-yolo/dataset-dongvan-train/train/clin/Image-130_2024-12-01.jpg,3,7,15,9
/home/dubu/manh/dongvan-yolo/dataset-dongvan-train/train/clin/Image-156_2024-12-01.jpg,3,7,15,9
/home/dubu/manh/dongvan-yolo/dataset-dongvan-train/train/clin/Image-155_2024-12-01.jpg,3,7,15,9
/home/dubu/manh/dongvan-yolo/dataset-dongvan-train/train/clin/Image-107_2024-12-01.jpg,3,7,15,9
/home/dubu/manh/dongvan-yolo/dataset-dongvan-train/train/clin/Image-124_2024-12-01.jpg,3,7,15,9
/home/dubu/manh/dongvan-yolo/dataset-dongvan-train/train/clin/Image-168_2024-12-01.jpg,3,7,15,9
/home/dubu/manh/dongvan-yolo/dataset-dongvan-train/train/clin/Image-164_2024-12-01.jpg,3,7,15,9
/home/dubu/manh/dongvan-yolo/dataset-dongvan-train/train/clin/Image-118_2024-12-01.jpg,3,7,15,9
/home/dubu/manh/dongvan-yolo/dataset-dongvan-train/train/clin/Image-181_2024-12-01.jpg,3,7,15,9
/home/dubu/manh/dongvan-yolo/dataset-dongvan-train/train/clin/Image-144_2024-12-01.jpg,3,7,15,9
/home/dubu/manh/dongvan-yolo/dataset-dongvan-train/train/clin/Image-148_2024-12-01.jpg,3,7,15,9
/home/dubu/manh/dongvan-yolo/dataset-dongvan-train/train/clin/Image-121_2024-12-01.jpg,3,7,15,9
/home/dubu/manh/dongvan-yolo/dataset-dongvan-train/train/clin/Image-142_2024-12-01.jpg,3,7,15,9
/home/dubu/manh/dongvan-yolo/dataset-dongvan-train/train/clin/Image-120_2024-12-01.jpg,3,7,15,9
/home/dubu/manh/dongvan-yolo/dataset-dongvan-train/train/clin/Image-180_2024-12-01.jpg,3,7,15,9
/home/dubu/manh/dongvan-yolo/dataset-dongvan-train/train/clin/Image-190_2024-12-01.jpg,3,7,15,9
/home/dubu/manh/dongvan-yolo/dataset-dongvan-train/train/clin/Image-122_2024-12-01.jpg,3,7,15,9
/home/dubu/manh/dongvan-yolo/dataset-dongvan-train/train/clin/Image-108_2024-12-01.jpg,3,7,15,9
/home/dubu/manh/dongvan-yolo/dataset-dongvan-train/train/clin/Image-203_2024-12-01.jpg,3,7,15,9
/home/dubu/manh/dongvan-yolo/dataset-dongvan-train/train/clin/Image-177_2024-12-01.jpg,3,7,15,9
/home/dubu/manh/dongvan-yolo/dataset-dongvan-train/train/clin/Image-110_2024-12-01.jpg,3,7,15,9
/home/dubu/manh/dongvan-yolo/dataset-dongvan-train/train/clin/Image-195_2024-12-01.jpg,3,7,15,9
/home/dubu/manh/dongvan-yolo/dataset-dongvan-train/train/clin/Image-189_2024-12-01.jpg,3,7,15,9
/home/dubu/manh/dongvan-yolo/dataset-dongvan-train/train/clin/Image-165_2024-12-01.jpg,3,7,15,9
/home/dubu/manh/dongvan-yolo/dataset-dongvan-train/train/clin/Image-184_2024-12-01.jpg,3,7,15,9
/home/dubu/manh/dongvan-yolo/dataset-dongvan-train/train/clin/Image-125_2024-12-01.jpg,3,7,15,9
/home/dubu/manh/dongvan-yolo/dataset-dongvan-train/train/clin/Image-198_2024-12-01.jpg,3,7,15,9
/home/dubu/manh/dongvan-yolo/dataset-dongvan-train/train/clin/Image-106_2024-12-01.jpg,3,7,15,9
/home/dubu/manh/dongvan-yolo/dataset-dongvan-train/train/ipom/Image-143_2024-11-29.jpg,5,9,14,10
/home/dubu/manh/dongvan-yolo/dataset-dongvan-train/train/ipom/Image-203_2024-11-29.jpg,5,9,14,10
/home/dubu/manh/dongvan-yolo/dataset-dongvan-train/train/ipom/Image-201_2024-11-29.jpg,5,9,14,10
/home/dubu/manh/dongvan-yolo/dataset-dongvan-train/train/ipom/Image-185_2024-11-29.jpg,5,9,14,10
/home/dubu/manh/dongvan-yolo/dataset-dongvan-train/train/ipom/Image-142_2024-11-29.jpg,5,9,14,10
/home/dubu/manh/dongvan-yolo/dataset-dongvan-train/train/ipom/Image-191_2024-11-29.jpg,5,9,14,10
/home/dubu/manh/dongvan-yolo/dataset-dongvan-train/train/ipom/Image-151_2024-11-29.jpg,5,9,14,10
/home/dubu/manh/dongvan-yolo/dataset-dongvan-train/train/ipom/Image-188_2024-11-29.jpg,5,9,14,10
/home/dubu/manh/dongvan-yolo/dataset-dongvan-train/train/ipom/Image-132_2024-11-29.jpg,5,9,14,10
/home/dubu/manh/dongvan-yolo/dataset-dongvan-train/train/ipom/Image-197_2024-11-29.jpg,5,9,14,10
/home/dubu/manh/dongvan-yolo/dataset-dongvan-train/train/ipom/Image-183_2024-11-29.jpg,5,9,14,10
/home/dubu/manh/dongvan-yolo/dataset-dongvan-train/train/ipom/Image-176_2024-11-29.jpg,5,9,14,10
/home/dubu/manh/dongvan-yolo/dataset-dongvan-train/train/ipom/Image-175_2024-11-29.jpg,5,9,14,10
/home/dubu/manh/dongvan-yolo/dataset-dongvan-train/train/ipom/Image-195_2024-11-29.jpg,5,9,14,10
/home/dubu/manh/dongvan-yolo/dataset-dongvan-train/train/ipom/Image-206_2024-11-29.jpg,5,9,14,10
/home/dubu/manh/dongvan-yolo/dataset-dongvan-train/train/ipom/Image-171_2024-11-29.jpg,5,9,14,10
/home/dubu/manh/dongvan-yolo/dataset-dongvan-train/train/ipom/Image-180_2024-11-29.jpg,5,9,14,10
/home/dubu/manh/dongvan-yolo/dataset-dongvan-train/train/ipom/Image-177_2024-11-29.jpg,5,9,14,10
/home/dubu/manh/dongvan-yolo/dataset-dongvan-train/train/ipom/Image-169_2024-11-29.jpg,5,9,14,10
/home/dubu/manh/dongvan-yolo/dataset-dongvan-train/train/ipom/Image-181_2024-11-29.jpg,5,9,14,10
/home/dubu/manh/dongvan-yolo/dataset-dongvan-train/train/ipom/Image-202_2024-11-29.jpg,5,9,14,10
/home/dubu/manh/dongvan-yolo/dataset-dongvan-train/train/ipom/Image-129_2024-11-29.jpg,5,9,14,10
/home/dubu/manh/dongvan-yolo/dataset-dongvan-train/train/ipom/Image-182_2024-11-29.jpg,5,9,14,10
/home/dubu/manh/dongvan-yolo/dataset-dongvan-train/train/ipom/Image-135_2024-11-29.jpg,5,9,14,10
/home/dubu/manh/dongvan-yolo/dataset-dongvan-train/train/ipom/Image-134_2024-11-29.jpg,5,9,14,10
/home/dubu/manh/dongvan-yolo/dataset-dongvan-train/train/ipom/Image-204_2024-11-29.jpg,5,9,14,10
/home/dubu/manh/dongvan-yolo/dataset-dongvan-train/train/ipom/Image-199_2024-11-29.jpg,5,9,14,10
/home/dubu/manh/dongvan-yolo/dataset-dongvan-train/train/ipom/Image-178_2024-11-29.jpg,5,9,14,10
/home/dubu/manh/dongvan-yolo/dataset-dongvan-train/train/ipom/Image-146_2024-11-29.jpg,5,9,14,10
/home/dubu/manh/dongvan-yolo/dataset-dongvan-train/train/ipom/Image-141_2024-11-29.jpg,5,9,14,10
/home/dubu/manh/dongvan-yolo/dataset-dongvan-train/train/ipom/Image-136_2024-11-29.jpg,5,9,14,10
/home/dubu/manh/dongvan-yolo/dataset-dongvan-train/train/ipom/Image-213_2024-11-29.jpg,5,9,14,10
/home/dubu/manh/dongvan-yolo/dataset-dongvan-train/train/ipom/Image-189_2024-11-29.jpg,5,9,14,10
/home/dubu/manh/dongvan-yolo/dataset-dongvan-train/train/ipom/Image-172_2024-11-29.jpg,5,9,14,10
/home/dubu/manh/dongvan-yolo/dataset-dongvan-train/train/ipom/Image-211_2024-11-29.jpg,5,9,14,10
/home/dubu/manh/dongvan-yolo/dataset-dongvan-train/train/ipom/Image-207_2024-11-29.jpg,5,9,14,10
/home/dubu/manh/dongvan-yolo/dataset-dongvan-train/train/ipom/Image-193_2024-11-29.jpg,5,9,14,10
/home/dubu/manh/dongvan-yolo/dataset-dongvan-train/train/ipom/Image-208_2024-11-29.jpg,5,9,14,10
/home/dubu/manh/dongvan-yolo/dataset-dongvan-train/train/ipom/Image-155_2024-11-29.jpg,5,9,14,10
/home/dubu/manh/dongvan-yolo/dataset-dongvan-train/train/ipom/Image-126_2024-11-29.jpg,5,9,14,10
/home/dubu/manh/dongvan-yolo/dataset-dongvan-train/train/ipom/Image-212_2024-11-29.jpg,5,9,14,10
/home/dubu/manh/dongvan-yolo/dataset-dongvan-train/train/ipom/Image-192_2024-11-29.jpg,5,9,14,10
/home/dubu/manh/dongvan-yolo/dataset-dongvan-train/train/ipom/Image-198_2024-11-29.jpg,5,9,14,10
/home/dubu/manh/dongvan-yolo/dataset-dongvan-train/train/ipom/Image-173_2024-11-29.jpg,5,9,14,10
/home/dubu/manh/dongvan-yolo/dataset-dongvan-train/train/ipom/Image-190_2024-11-29.jpg,5,9,14,10
/home/dubu/manh/dongvan-yolo/dataset-dongvan-train/train/ipom/Image-150_2024-11-29.jpg,5,9,14,10
/home/dubu/manh/dongvan-yolo/dataset-dongvan-train/train/ipom/Image-187_2024-11-29.jpg,5,9,14,10
/home/dubu/manh/dongvan-yolo/dataset-dongvan-train/train/ipom/Image-163_2024-11-29.jpg,5,9,14,10
/home/dubu/manh/dongvan-yolo/dataset-dongvan-train/train/ipom/Image-164_2024-11-29.jpg,5,9,14,10
/home/dubu/manh/dongvan-yolo/dataset-dongvan-train/train/ipom/Image-205_2024-11-29.jpg,5,9,14,10
/home/dubu/manh/dongvan-yolo/dataset-dongvan-train/train/ipom/Image-137_2024-11-29.jpg,5,9,14,10
/home/dubu/manh/dongvan-yolo/dataset-dongvan-train/train/ipom/Image-186_2024-11-29.jpg,5,9,14,10
/home/dubu/manh/dongvan-yolo/dataset-dongvan-train/train/ipom/Image-216_2024-11-29.jpg,5,9,14,10
/home/dubu/manh/dongvan-yolo/dataset-dongvan-train/train/ipom/Image-210_2024-11-29.jpg,5,9,14,10
/home/dubu/manh/dongvan-yolo/dataset-dongvan-train/train/ipom/Image-152_2024-11-29.jpg,5,9,14,10
/home/dubu/manh/dongvan-yolo/dataset-dongvan-train/train/ipom/Image-127_2024-11-29.jpg,5,9,14,10
/home/dubu/manh/dongvan-yolo/dataset-dongvan-train/train/ipom/Image-194_2024-11-29.jpg,5,9,14,10
/home/dubu/manh/dongvan-yolo/dataset-dongvan-train/train/ipom/Image-179_2024-11-29.jpg,5,9,14,10
/home/dubu/manh/dongvan-yolo/dataset-dongvan-train/train/ipom/Image-161_2024-11-29.jpg,5,9,14,10
/home/dubu/manh/dongvan-yolo/dataset-dongvan-train/train/ipom/Image-166_2024-11-29.jpg,5,9,14,10
/home/dubu/manh/dongvan-yolo/dataset-dongvan-train/train/ipom/Image-149_2024-11-29.jpg,5,9,14,10
/home/dubu/manh/dongvan-yolo/dataset-dongvan-train/train/ipom/Image-138_2024-11-29.jpg,5,9,14,10
/home/dubu/manh/dongvan-yolo/dataset-dongvan-train/train/ipom/Image-144_2024-11-29.jpg,5,9,14,10
/home/dubu/manh/dongvan-yolo/dataset-dongvan-train/train/ipom/Image-128_2024-11-29.jpg,5,9,14,10
/home/dubu/manh/dongvan-yolo/dataset-dongvan-train/train/ipom/Image-139_2024-11-29.jpg,5,9,14,10
/home/dubu/manh/dongvan-yolo/dataset-dongvan-train/train/ipom/Image-156_2024-11-29.jpg,5,9,14,10
/home/dubu/manh/dongvan-yolo/dataset-dongvan-train/train/ipom/Image-147_2024-11-29.jpg,5,9,14,10
/home/dubu/manh/dongvan-yolo/dataset-dongvan-train/train/ipom_1/Image-19_2024-12-02.jpg,5,9,14,11
/home/dubu/manh/dongvan-yolo/dataset-dongvan-train/train/ipom_1/Image-41_2024-12-02.jpg,5,9,14,11
/home/dubu/manh/dongvan-yolo/dataset-dongvan-train/train/ipom_1/Image-38_2024-12-02.jpg,5,9,14,11
/home/dubu/manh/dongvan-yolo/dataset-dongvan-train/train/ipom_1/Image-128_2024-12-02.jpg,5,9,14,11
/home/dubu/manh/dongvan-yolo/dataset-dongvan-train/train/ipom_1/Image-14_2024-12-02.jpg,5,9,14,11
/home/dubu/manh/dongvan-yolo/dataset-dongvan-train/train/ipom_1/Image-130_2024-12-02.jpg,5,9,14,11
/home/dubu/manh/dongvan-yolo/dataset-dongvan-train/train/ipom_1/Image-87_2024-12-02.jpg,5,9,14,11
/home/dubu/manh/dongvan-yolo/dataset-dongvan-train/train/ipom_1/Image-61_2024-12-02.jpg,5,9,14,11
/home/dubu/manh/dongvan-yolo/dataset-dongvan-train/train/ipom_1/Image-4_2024-12-02.jpg,5,9,14,11
/home/dubu/manh/dongvan-yolo/dataset-dongvan-train/train/ipom_1/Image-110_2024-12-02.jpg,5,9,14,11
/home/dubu/manh/dongvan-yolo/dataset-dongvan-train/train/ipom_1/Image-77_2024-12-02.jpg,5,9,14,11
/home/dubu/manh/dongvan-yolo/dataset-dongvan-train/train/ipom_1/Image-101_2024-12-02.jpg,5,9,14,11
/home/dubu/manh/dongvan-yolo/dataset-dongvan-train/train/ipom_1/Image-115_2024-12-02.jpg,5,9,14,11
/home/dubu/manh/dongvan-yolo/dataset-dongvan-train/train/ipom_1/Image-28_2024-12-02.jpg,5,9,14,11
/home/dubu/manh/dongvan-yolo/dataset-dongvan-train/train/ipom_1/Image-30_2024-12-02.jpg,5,9,14,11
/home/dubu/manh/dongvan-yolo/dataset-dongvan-train/train/ipom_1/Image-26_2024-12-02.jpg,5,9,14,11
/home/dubu/manh/dongvan-yolo/dataset-dongvan-train/train/ipom_1/Image-127_2024-12-02.jpg,5,9,14,11
/home/dubu/manh/dongvan-yolo/dataset-dongvan-train/train/ipom_1/Image-65_2024-12-02.jpg,5,9,14,11
/home/dubu/manh/dongvan-yolo/dataset-dongvan-train/train/ipom_1/Image-121_2024-12-02.jpg,5,9,14,11
/home/dubu/manh/dongvan-yolo/dataset-dongvan-train/train/ipom_1/Image-78_2024-12-02.jpg,5,9,14,11
/home/dubu/manh/dongvan-yolo/dataset-dongvan-train/train/ipom_1/Image-73_2024-12-02.jpg,5,9,14,11
/home/dubu/manh/dongvan-yolo/dataset-dongvan-train/train/ipom_1/Image-122_2024-12-02.jpg,5,9,14,11
/home/dubu/manh/dongvan-yolo/dataset-dongvan-train/train/ipom_1/Image-49_2024-12-02.jpg,5,9,14,11
/home/dubu/manh/dongvan-yolo/dataset-dongvan-train/train/ipom_1/Image-9_2024-12-02.jpg,5,9,14,11
/home/dubu/manh/dongvan-yolo/dataset-dongvan-train/train/ipom_1/Image-6_2024-12-02.jpg,5,9,14,11
/home/dubu/manh/dongvan-yolo/dataset-dongvan-train/train/ipom_1/Image-72_2024-12-02.jpg,5,9,14,11
/home/dubu/manh/dongvan-yolo/dataset-dongvan-train/train/ipom_1/Image-83_2024-12-02.jpg,5,9,14,11
/home/dubu/manh/dongvan-yolo/dataset-dongvan-train/train/ipom_1/Image-70_2024-12-02.jpg,5,9,14,11
/home/dubu/manh/dongvan-yolo/dataset-dongvan-train/train/ipom_1/Image-62_2024-12-02.jpg,5,9,14,11
/home/dubu/manh/dongvan-yolo/dataset-dongvan-train/train/ipom_1/Image-15_2024-12-02.jpg,5,9,14,11
/home/dubu/manh/dongvan-yolo/dataset-dongvan-train/train/ipom_1/Image-39_2024-12-02.jpg,5,9,14,11
/home/dubu/manh/dongvan-yolo/dataset-dongvan-train/train/ipom_1/Image-66_2024-12-02.jpg,5,9,14,11
/home/dubu/manh/dongvan-yolo/dataset-dongvan-train/train/ipom_1/Image-93_2024-12-02.jpg,5,9,14,11
/home/dubu/manh/dongvan-yolo/dataset-dongvan-train/train/ipom_1/Image-113_2024-12-02.jpg,5,9,14,11
/home/dubu/manh/dongvan-yolo/dataset-dongvan-train/train/ipom_1/Image-92_2024-12-02.jpg,5,9,14,11
/home/dubu/manh/dongvan-yolo/dataset-dongvan-train/train/ipom_1/Image-53_2024-12-02.jpg,5,9,14,11
/home/dubu/manh/dongvan-yolo/dataset-dongvan-train/train/ipom_1/Image-105_2024-12-02.jpg,5,9,14,11
/home/dubu/manh/dongvan-yolo/dataset-dongvan-train/train/ipom_1/Image-88_2024-12-02.jpg,5,9,14,11
/home/dubu/manh/dongvan-yolo/dataset-dongvan-train/train/ipom_1/Image-111_2024-12-02.jpg,5,9,14,11
/home/dubu/manh/dongvan-yolo/dataset-dongvan-train/train/ipom_1/Image-5_2024-12-02.jpg,5,9,14,11
/home/dubu/manh/dongvan-yolo/dataset-dongvan-train/train/ipom_1/Image-100_2024-12-02.jpg,5,9,14,11
/home/dubu/manh/dongvan-yolo/dataset-dongvan-train/train/ipom_1/Image-82_2024-12-02.jpg,5,9,14,11
/home/dubu/manh/dongvan-yolo/dataset-dongvan-train/train/ipom_1/Image-16_2024-12-02.jpg,5,9,14,11
/home/dubu/manh/dongvan-yolo/dataset-dongvan-train/train/ipom_1/Image-24_2024-12-02.jpg,5,9,14,11
/home/dubu/manh/dongvan-yolo/dataset-dongvan-train/train/ipom_1/Image-7_2024-12-02.jpg,5,9,14,11
/home/dubu/manh/dongvan-yolo/dataset-dongvan-train/train/ipom_1/Image-23_2024-12-02.jpg,5,9,14,11
/home/dubu/manh/dongvan-yolo/dataset-dongvan-train/train/ipom_1/Image-69_2024-12-02.jpg,5,9,14,11
/home/dubu/manh/dongvan-yolo/dataset-dongvan-train/train/ipom_1/Image-97_2024-12-02.jpg,5,9,14,11
/home/dubu/manh/dongvan-yolo/dataset-dongvan-train/train/ipom_1/Image-107_2024-12-02.jpg,5,9,14,11
/home/dubu/manh/dongvan-yolo/dataset-dongvan-train/train/ipom_1/Image-81_2024-12-02.jpg,5,9,14,11
/home/dubu/manh/dongvan-yolo/dataset-dongvan-train/train/ipom_1/Image-74_2024-12-02.jpg,5,9,14,11
/home/dubu/manh/dongvan-yolo/dataset-dongvan-train/train/ipom_1/Image-117_2024-12-02.jpg,5,9,14,11
/home/dubu/manh/dongvan-yolo/dataset-dongvan-train/train/ipom_1/Image-126_2024-12-02.jpg,5,9,14,11
/home/dubu/manh/dongvan-yolo/dataset-dongvan-train/train/ipom_1/Image-17_2024-12-02.jpg,5,9,14,11
/home/dubu/manh/dongvan-yolo/dataset-dongvan-train/train/ipom_1/Image-44_2024-12-02.jpg,5,9,14,11
/home/dubu/manh/dongvan-yolo/dataset-dongvan-train/train/ipom_1/Image-57_2024-12-02.jpg,5,9,14,11
/home/dubu/manh/dongvan-yolo/dataset-dongvan-train/train/ipom_1/Image-36_2024-12-02.jpg,5,9,14,11
/home/dubu/manh/dongvan-yolo/dataset-dongvan-train/train/ipom_1/Image-63_2024-12-02.jpg,5,9,14,11
/home/dubu/manh/dongvan-yolo/dataset-dongvan-train/train/ipom_1/Image-18_2024-12-02.jpg,5,9,14,11
/home/dubu/manh/dongvan-yolo/dataset-dongvan-train/train/ipom_1/Image-52_2024-12-02.jpg,5,9,14,11
/home/dubu/manh/dongvan-yolo/dataset-dongvan-train/train/ipom_1/Image-35_2024-12-02.jpg,5,9,14,11
/home/dubu/manh/dongvan-yolo/dataset-dongvan-train/train/ipom_1/Image-33_2024-12-02.jpg,5,9,14,11
/home/dubu/manh/dongvan-yolo/dataset-dongvan-train/train/ipom_1/Image-84_2024-12-02.jpg,5,9,14,11
/home/dubu/manh/dongvan-yolo/dataset-dongvan-train/train/ipom_1/Image-114_2024-12-02.jpg,5,9,14,11
/home/dubu/manh/dongvan-yolo/dataset-dongvan-train/train/ipom_1/Image-34_2024-12-02.jpg,5,9,14,11
/home/dubu/manh/dongvan-yolo/dataset-dongvan-train/train/ipom_1/Image-116_2024-12-02.jpg,5,9,14,11
/home/dubu/manh/dongvan-yolo/dataset-dongvan-train/train/ipom_1/Image-67_2024-12-02.jpg,5,9,14,11
/home/dubu/manh/dongvan-yolo/dataset-dongvan-train/train/ipom_1/Image-106_2024-12-02.jpg,5,9,14,11
/home/dubu/manh/dongvan-yolo/dataset-dongvan-train/train/ipom_1/Image-45_2024-12-02.jpg,5,9,14,11
/home/dubu/manh/dongvan-yolo/dataset-dongvan-train/train/ipom_1/Image-112_2024-12-02.jpg,5,9,14,11
/home/dubu/manh/dongvan-yolo/dataset-dongvan-train/train/ipom_1/Image-13_2024-12-02.jpg,5,9,14,11
/home/dubu/manh/dongvan-yolo/dataset-dongvan-train/train/ipom_1/Image-99_2024-12-02.jpg,5,9,14,11
/home/dubu/manh/dongvan-yolo/dataset-dongvan-train/train/ipom_1/Image-129_2024-12-02.jpg,5,9,14,11
/home/dubu/manh/dongvan-yolo/dataset-dongvan-train/train/ipom_1/Image-120_2024-12-02.jpg,5,9,14,11
/home/dubu/manh/dongvan-yolo/dataset-dongvan-train/train/ipom_1/Image-68_2024-12-02.jpg,5,9,14,11
/home/dubu/manh/dongvan-yolo/dataset-dongvan-train/train/ipom_1/Image-125_2024-12-02.jpg,5,9,14,11
/home/dubu/manh/dongvan-yolo/dataset-dongvan-train/train/ipom_1/Image-43_2024-12-02.jpg,5,9,14,11
/home/dubu/manh/dongvan-yolo/dataset-dongvan-train/train/ipom_1/Image-48_2024-12-02.jpg,5,9,14,11
/home/dubu/manh/dongvan-yolo/dataset-dongvan-train/train/ipom_1/Image-131_2024-12-02.jpg,5,9,14,11
/home/dubu/manh/dongvan-yolo/dataset-dongvan-train/train/ipom_1/Image-76_2024-12-02.jpg,5,9,14,11
/home/dubu/manh/dongvan-yolo/dataset-dongvan-train/train/ipom_1/Image-132_2024-12-02.jpg,5,9,14,11
/home/dubu/manh/dongvan-yolo/dataset-dongvan-train/train/ipom_1/Image-75_2024-12-02.jpg,5,9,14,11
/home/dubu/manh/dongvan-yolo/dataset-dongvan-train/train/ipom_1/Image-10_2024-12-02.jpg,5,9,14,11
/home/dubu/manh/dongvan-yolo/dataset-dongvan-train/train/ipom_1/Image-91_2024-12-02.jpg,5,9,14,11
/home/dubu/manh/dongvan-yolo/dataset-dongvan-train/train/ipom_1/Image-21_2024-12-02.jpg,5,9,14,11
/home/dubu/manh/dongvan-yolo/dataset-dongvan-train/train/ipom_1/Image-60_2024-12-02.jpg,5,9,14,11
/home/dubu/manh/dongvan-yolo/dataset-dongvan-train/train/ipom_1/Image-12_2024-12-02.jpg,5,9,14,11
/home/dubu/manh/dongvan-yolo/dataset-dongvan-train/train/ipom_1/Image-96_2024-12-02.jpg,5,9,14,11
/home/dubu/manh/dongvan-yolo/dataset-dongvan-train/train/ipom_1/Image-55_2024-12-02.jpg,5,9,14,11
/home/dubu/manh/dongvan-yolo/dataset-dongvan-train/train/ipom_1/Image-51_2024-12-02.jpg,5,9,14,11
/home/dubu/manh/dongvan-yolo/dataset-dongvan-train/train/ipom_1/Image-47_2024-12-02.jpg,5,9,14,11
/home/dubu/manh/dongvan-yolo/dataset-dongvan-train/train/ipom_1/Image-80_2024-12-02.jpg,5,9,14,11
/home/dubu/manh/dongvan-yolo/dataset-dongvan-train/train/ipom_1/Image-59_2024-12-02.jpg,5,9,14,11
/home/dubu/manh/dongvan-yolo/dataset-dongvan-train/train/ipom_1/Image-103_2024-12-02.jpg,5,9,14,11
/home/dubu/manh/dongvan-yolo/dataset-dongvan-train/train/ipom_1/Image-31_2024-12-02.jpg,5,9,14,11
/home/dubu/manh/dongvan-yolo/dataset-dongvan-train/train/ipom_1/Image-86_2024-12-02.jpg,5,9,14,11
/home/dubu/manh/dongvan-yolo/dataset-dongvan-train/train/ipom_1/Image-0_2024-12-02.jpg,5,9,14,11
/home/dubu/manh/dongvan-yolo/dataset-dongvan-train/train/ipom_1/Image-1_2024-12-02.jpg,5,9,14,11
/home/dubu/manh/dongvan-yolo/dataset-dongvan-train/train/ipom_1/Image-58_2024-12-02.jpg,5,9,14,11
/home/dubu/manh/dongvan-yolo/dataset-dongvan-train/train/ipom_1/Image-25_2024-12-02.jpg,5,9,14,11
/home/dubu/manh/dongvan-yolo/dataset-dongvan-train/train/ipom_1/Image-85_2024-12-02.jpg,5,9,14,11
/home/dubu/manh/dongvan-yolo/dataset-dongvan-train/train/ipom_1/Image-11_2024-12-02.jpg,5,9,14,11
/home/dubu/manh/dongvan-yolo/dataset-dongvan-train/train/ipom_1/Image-124_2024-12-02.jpg,5,9,14,11
/home/dubu/manh/dongvan-yolo/dataset-dongvan-train/train/ipom_1/Image-104_2024-12-02.jpg,5,9,14,11
/home/dubu/manh/dongvan-yolo/dataset-dongvan-train/train/ipom_1/Image-71_2024-12-02.jpg,5,9,14,11
/home/dubu/manh/dongvan-yolo/dataset-dongvan-train/train/leuc/Image-157_2024-12-03.jpg,3,3,7,12
/home/dubu/manh/dongvan-yolo/dataset-dongvan-train/train/leuc/Image-228_2024-12-03.jpg,3,3,7,12
/home/dubu/manh/dongvan-yolo/dataset-dongvan-train/train/leuc/Image-197_2024-12-03.jpg,3,3,7,12
/home/dubu/manh/dongvan-yolo/dataset-dongvan-train/train/leuc/Image-173_2024-12-03.jpg,3,3,7,12
/home/dubu/manh/dongvan-yolo/dataset-dongvan-train/train/leuc/Image-127_2024-12-03.jpg,3,3,7,12
/home/dubu/manh/dongvan-yolo/dataset-dongvan-train/train/leuc/Image-219_2024-12-03.jpg,3,3,7,12
/home/dubu/manh/dongvan-yolo/dataset-dongvan-train/train/leuc/Image-166_2024-12-03.jpg,3,3,7,12
/home/dubu/manh/dongvan-yolo/dataset-dongvan-train/train/leuc/Image-155_2024-12-03.jpg,3,3,7,12
/home/dubu/manh/dongvan-yolo/dataset-dongvan-train/train/leuc/Image-186_2024-12-03.jpg,3,3,7,12
/home/dubu/manh/dongvan-yolo/dataset-dongvan-train/train/leuc/Image-199_2024-12-03.jpg,3,3,7,12
/home/dubu/manh/dongvan-yolo/dataset-dongvan-train/train/leuc/Image-203_2024-12-03.jpg,3,3,7,12
/home/dubu/manh/dongvan-yolo/dataset-dongvan-train/train/leuc/Image-225_2024-12-03.jpg,3,3,7,12
/home/dubu/manh/dongvan-yolo/dataset-dongvan-train/train/leuc/Image-132_2024-12-03.jpg,3,3,7,12
/home/dubu/manh/dongvan-yolo/dataset-dongvan-train/train/leuc/Image-150_2024-12-03.jpg,3,3,7,12
/home/dubu/manh/dongvan-yolo/dataset-dongvan-train/train/leuc/Image-130_2024-12-03.jpg,3,3,7,12
/home/dubu/manh/dongvan-yolo/dataset-dongvan-train/train/leuc/Image-215_2024-12-03.jpg,3,3,7,12
/home/dubu/manh/dongvan-yolo/dataset-dongvan-train/train/leuc/Image-162_2024-12-03.jpg,3,3,7,12
/home/dubu/manh/dongvan-yolo/dataset-dongvan-train/train/leuc/Image-221_2024-12-03.jpg,3,3,7,12
/home/dubu/manh/dongvan-yolo/dataset-dongvan-train/train/leuc/Image-136_2024-12-03.jpg,3,3,7,12
/home/dubu/manh/dongvan-yolo/dataset-dongvan-train/train/leuc/Image-142_2024-12-03.jpg,3,3,7,12
/home/dubu/manh/dongvan-yolo/dataset-dongvan-train/train/leuc/Image-165_2024-12-03.jpg,3,3,7,12
/home/dubu/manh/dongvan-yolo/dataset-dongvan-train/train/leuc/Image-129_2024-12-03.jpg,3,3,7,12
/home/dubu/manh/dongvan-yolo/dataset-dongvan-train/train/leuc/Image-128_2024-12-03.jpg,3,3,7,12
/home/dubu/manh/dongvan-yolo/dataset-dongvan-train/train/leuc/Image-208_2024-12-03.jpg,3,3,7,12
/home/dubu/manh/dongvan-yolo/dataset-dongvan-train/train/leuc/Image-148_2024-12-03.jpg,3,3,7,12
/home/dubu/manh/dongvan-yolo/dataset-dongvan-train/train/leuc/Image-218_2024-12-03.jpg,3,3,7,12
/home/dubu/manh/dongvan-yolo/dataset-dongvan-train/train/leuc/Image-135_2024-12-03.jpg,3,3,7,12
/home/dubu/manh/dongvan-yolo/dataset-dongvan-train/train/leuc/Image-198_2024-12-03.jpg,3,3,7,12
/home/dubu/manh/dongvan-yolo/dataset-dongvan-train/train/leuc/Image-161_2024-12-03.jpg,3,3,7,12
/home/dubu/manh/dongvan-yolo/dataset-dongvan-train/train/leuc/Image-206_2024-12-03.jpg,3,3,7,12
/home/dubu/manh/dongvan-yolo/dataset-dongvan-train/train/leuc/Image-141_2024-12-03.jpg,3,3,7,12
/home/dubu/manh/dongvan-yolo/dataset-dongvan-train/train/leuc/Image-212_2024-12-03.jpg,3,3,7,12
/home/dubu/manh/dongvan-yolo/dataset-dongvan-train/train/leuc/Image-227_2024-12-03.jpg,3,3,7,12
/home/dubu/manh/dongvan-yolo/dataset-dongvan-train/train/leuc/Image-147_2024-12-03.jpg,3,3,7,12
/home/dubu/manh/dongvan-yolo/dataset-dongvan-train/train/leuc/Image-214_2024-12-03.jpg,3,3,7,12
/home/dubu/manh/dongvan-yolo/dataset-dongvan-train/train/leuc/Image-176_2024-12-03.jpg,3,3,7,12
/home/dubu/manh/dongvan-yolo/dataset-dongvan-train/train/leuc/Image-216_2024-12-03.jpg,3,3,7,12
/home/dubu/manh/dongvan-yolo/dataset-dongvan-train/train/leuc/Image-211_2024-12-03.jpg,3,3,7,12
/home/dubu/manh/dongvan-yolo/dataset-dongvan-train/train/leuc/Image-131_2024-12-03.jpg,3,3,7,12
/home/dubu/manh/dongvan-yolo/dataset-dongvan-train/train/leuc/Image-149_2024-12-03.jpg,3,3,7,12
/home/dubu/manh/dongvan-yolo/dataset-dongvan-train/train/leuc/Image-140_2024-12-03.jpg,3,3,7,12
/home/dubu/manh/dongvan-yolo/dataset-dongvan-train/train/leuc/Image-222_2024-12-03.jpg,3,3,7,12
/home/dubu/manh/dongvan-yolo/dataset-dongvan-train/train/leuc/Image-182_2024-12-03.jpg,3,3,7,12
/home/dubu/manh/dongvan-yolo/dataset-dongvan-train/train/leuc/Image-145_2024-12-03.jpg,3,3,7,12
/home/dubu/manh/dongvan-yolo/dataset-dongvan-train/train/leuc/Image-160_2024-12-03.jpg,3,3,7,12
/home/dubu/manh/dongvan-yolo/dataset-dongvan-train/train/leuc/Image-226_2024-12-03.jpg,3,3,7,12
/home/dubu/manh/dongvan-yolo/dataset-dongvan-train/train/leuc/Image-202_2024-12-03.jpg,3,3,7,12
/home/dubu/manh/dongvan-yolo/dataset-dongvan-train/train/leuc/Image-224_2024-12-03.jpg,3,3,7,12
/home/dubu/manh/dongvan-yolo/dataset-dongvan-train/train/leuc/Image-156_2024-12-03.jpg,3,3,7,12
/home/dubu/manh/dongvan-yolo/dataset-dongvan-train/train/leuc/Image-179_2024-12-03.jpg,3,3,7,12
/home/dubu/manh/dongvan-yolo/dataset-dongvan-train/train/leuc/Image-200_2024-12-03.jpg,3,3,7,12
/home/dubu/manh/dongvan-yolo/dataset-dongvan-train/train/leuc/Image-189_2024-12-03.jpg,3,3,7,12
/home/dubu/manh/dongvan-yolo/dataset-dongvan-train/train/leuc/Image-210_2024-12-03.jpg,3,3,7,12
/home/dubu/manh/dongvan-yolo/dataset-dongvan-train/train/leuc/Image-144_2024-12-03.jpg,3,3,7,12
/home/dubu/manh/dongvan-yolo/dataset-dongvan-train/train/leuc/Image-168_2024-12-03.jpg,3,3,7,12
/home/dubu/manh/dongvan-yolo/dataset-dongvan-train/train/leuc/Image-213_2024-12-03.jpg,3,3,7,12
/home/dubu/manh/dongvan-yolo/dataset-dongvan-train/train/leuc/Image-158_2024-12-03.jpg,3,3,7,12
/home/dubu/manh/dongvan-yolo/dataset-dongvan-train/train/leuc/Image-201_2024-12-03.jpg,3,3,7,12
/home/dubu/manh/dongvan-yolo/dataset-dongvan-train/train/leuc/Image-192_2024-12-03.jpg,3,3,7,12
/home/dubu/manh/dongvan-yolo/dataset-dongvan-train/train/leuc/Image-178_2024-12-03.jpg,3,3,7,12
/home/dubu/manh/dongvan-yolo/dataset-dongvan-train/train/leuc/Image-152_2024-12-03.jpg,3,3,7,12
/home/dubu/manh/dongvan-yolo/dataset-dongvan-train/train/leuc/Image-223_2024-12-03.jpg,3,3,7,12
/home/dubu/manh/dongvan-yolo/dataset-dongvan-train/train/leuc/Image-195_2024-12-03.jpg,3,3,7,12
/home/dubu/manh/dongvan-yolo/dataset-dongvan-train/train/leuc/Image-196_2024-12-03.jpg,3,3,7,12
/home/dubu/manh/dongvan-yolo/dataset-dongvan-train/train/ruel/Image-32_2024-12-05.jpg,3,7,12,13
/home/dubu/manh/dongvan-yolo/dataset-dongvan-train/train/ruel/Image-75_2024-12-05.jpg,3,7,12,13
/home/dubu/manh/dongvan-yolo/dataset-dongvan-train/train/ruel/Image-12_2024-12-05.jpg,3,7,12,13
/home/dubu/manh/dongvan-yolo/dataset-dongvan-train/train/ruel/Image-57_2024-12-05.jpg,3,7,12,13
/home/dubu/manh/dongvan-yolo/dataset-dongvan-train/train/ruel/Image-30_2024-12-05.jpg,3,7,12,13
/home/dubu/manh/dongvan-yolo/dataset-dongvan-train/train/ruel/Image-76_2024-12-05.jpg,3,7,12,13
/home/dubu/manh/dongvan-yolo/dataset-dongvan-train/train/ruel/Image-79_2024-12-05.jpg,3,7,12,13
/home/dubu/manh/dongvan-yolo/dataset-dongvan-train/train/ruel/Image-90_2024-12-05.jpg,3,7,12,13
/home/dubu/manh/dongvan-yolo/dataset-dongvan-train/train/ruel/Image-72_2024-12-05.jpg,3,7,12,13
/home/dubu/manh/dongvan-yolo/dataset-dongvan-train/train/ruel/Image-86_2024-12-05.jpg,3,7,12,13
/home/dubu/manh/dongvan-yolo/dataset-dongvan-train/train/ruel/Image-71_2024-12-05.jpg,3,7,12,13
/home/dubu/manh/dongvan-yolo/dataset-dongvan-train/train/ruel/Image-49_2024-12-05.jpg,3,7,12,13
/home/dubu/manh/dongvan-yolo/dataset-dongvan-train/train/ruel/Image-91_2024-12-05.jpg,3,7,12,13
/home/dubu/manh/dongvan-yolo/dataset-dongvan-train/train/ruel/Image-23_2024-12-05.jpg,3,7,12,13
/home/dubu/manh/dongvan-yolo/dataset-dongvan-train/train/ruel/Image-80_2024-12-05.jpg,3,7,12,13
/home/dubu/manh/dongvan-yolo/dataset-dongvan-train/train/ruel/Image-82_2024-12-05.jpg,3,7,12,13
/home/dubu/manh/dongvan-yolo/dataset-dongvan-train/train/ruel/Image-100_2024-12-05.jpg,3,7,12,13
/home/dubu/manh/dongvan-yolo/dataset-dongvan-train/train/ruel/Image-48_2024-12-05.jpg,3,7,12,13
/home/dubu/manh/dongvan-yolo/dataset-dongvan-train/train/ruel/Image-27_2024-12-05.jpg,3,7,12,13
/home/dubu/manh/dongvan-yolo/dataset-dongvan-train/train/ruel/Image-89_2024-12-05.jpg,3,7,12,13
/home/dubu/manh/dongvan-yolo/dataset-dongvan-train/train/ruel/Image-73_2024-12-05.jpg,3,7,12,13
/home/dubu/manh/dongvan-yolo/dataset-dongvan-train/train/ruel/Image-38_2024-12-05.jpg,3,7,12,13
/home/dubu/manh/dongvan-yolo/dataset-dongvan-train/train/ruel/Image-3_2024-12-05.jpg,3,7,12,13
/home/dubu/manh/dongvan-yolo/dataset-dongvan-train/train/ruel/Image-6_2024-12-05.jpg,3,7,12,13
/home/dubu/manh/dongvan-yolo/dataset-dongvan-train/train/ruel/Image-78_2024-12-05.jpg,3,7,12,13
/home/dubu/manh/dongvan-yolo/dataset-dongvan-train/train/ruel/Image-4_2024-12-05.jpg,3,7,12,13
/home/dubu/manh/dongvan-yolo/dataset-dongvan-train/train/ruel/Image-94_2024-12-05.jpg,3,7,12,13
/home/dubu/manh/dongvan-yolo/dataset-dongvan-train/train/ruel/Image-8_2024-12-05.jpg,3,7,12,13
/home/dubu/manh/dongvan-yolo/dataset-dongvan-train/train/ruel/Image-34_2024-12-05.jpg,3,7,12,13
/home/dubu/manh/dongvan-yolo/dataset-dongvan-train/train/ruel/Image-25_2024-12-05.jpg,3,7,12,13
/home/dubu/manh/dongvan-yolo/dataset-dongvan-train/train/ruel/Image-43_2024-12-05.jpg,3,7,12,13
/home/dubu/manh/dongvan-yolo/dataset-dongvan-train/train/ruel/Image-84_2024-12-05.jpg,3,7,12,13
/home/dubu/manh/dongvan-yolo/dataset-dongvan-train/train/ruel/Image-98_2024-12-05.jpg,3,7,12,13
/home/dubu/manh/dongvan-yolo/dataset-dongvan-train/train/ruel/Image-52_2024-12-05.jpg,3,7,12,13
/home/dubu/manh/dongvan-yolo/dataset-dongvan-train/train/ruel/Image-65_2024-12-05.jpg,3,7,12,13
/home/dubu/manh/dongvan-yolo/dataset-dongvan-train/train/ruel/Image-55_2024-12-05.jpg,3,7,12,13
/home/dubu/manh/dongvan-yolo/dataset-dongvan-train/train/ruel/Image-68_2024-12-05.jpg,3,7,12,13
/home/dubu/manh/dongvan-yolo/dataset-dongvan-train/train/ruel/Image-83_2024-12-05.jpg,3,7,12,13
/home/dubu/manh/dongvan-yolo/dataset-dongvan-train/train/ruel/Image-67_2024-12-05.jpg,3,7,12,13
/home/dubu/manh/dongvan-yolo/dataset-dongvan-train/train/ruel/Image-77_2024-12-05.jpg,3,7,12,13
/home/dubu/manh/dongvan-yolo/dataset-dongvan-train/train/ruel/Image-31_2024-12-05.jpg,3,7,12,13
/home/dubu/manh/dongvan-yolo/dataset-dongvan-train/train/ruel/Image-39_2024-12-05.jpg,3,7,12,13
/home/dubu/manh/dongvan-yolo/dataset-dongvan-train/train/ruel/Image-69_2024-12-05.jpg,3,7,12,13
/home/dubu/manh/dongvan-yolo/dataset-dongvan-train/train/ruel/Image-61_2024-12-05.jpg,3,7,12,13
/home/dubu/manh/dongvan-yolo/dataset-dongvan-train/train/ruel/Image-21_2024-12-05.jpg,3,7,12,13
/home/dubu/manh/dongvan-yolo/dataset-dongvan-train/train/ruel/Image-63_2024-12-05.jpg,3,7,12,13
/home/dubu/manh/dongvan-yolo/dataset-dongvan-train/train/ruel/Image-46_2024-12-05.jpg,3,7,12,13
/home/dubu/manh/dongvan-yolo/dataset-dongvan-train/train/ruel/Image-5_2024-12-05.jpg,3,7,12,13
/home/dubu/manh/dongvan-yolo/dataset-dongvan-train/train/ruel/Image-33_2024-12-05.jpg,3,7,12,13
/home/dubu/manh/dongvan-yolo/dataset-dongvan-train/train/ruel/Image-47_2024-12-05.jpg,3,7,12,13
/home/dubu/manh/dongvan-yolo/dataset-dongvan-train/train/ruel/Image-15_2024-12-05.jpg,3,7,12,13
/home/dubu/manh/dongvan-yolo/dataset-dongvan-train/train/ruel/Image-42_2024-12-05.jpg,3,7,12,13
/home/dubu/manh/dongvan-yolo/dataset-dongvan-train/train/ruel/Image-60_2024-12-05.jpg,3,7,12,13
/home/dubu/manh/dongvan-yolo/dataset-dongvan-train/train/ruel/Image-36_2024-12-05.jpg,3,7,12,13
/home/dubu/manh/dongvan-yolo/dataset-dongvan-train/train/ruel/Image-70_2024-12-05.jpg,3,7,12,13
/home/dubu/manh/dongvan-yolo/dataset-dongvan-train/train/ruel/Image-0_2024-12-05.jpg,3,7,12,13
/home/dubu/manh/dongvan-yolo/dataset-dongvan-train/train/ruel/Image-93_2024-12-05.jpg,3,7,12,13
/home/dubu/manh/dongvan-yolo/dataset-dongvan-train/train/ruel/Image-14_2024-12-05.jpg,3,7,12,13
/home/dubu/manh/dongvan-yolo/dataset-dongvan-train/train/ruel/Image-17_2024-12-05.jpg,3,7,12,13
/home/dubu/manh/dongvan-yolo/dataset-dongvan-train/train/ruel/Image-66_2024-12-05.jpg,3,7,12,13
/home/dubu/manh/dongvan-yolo/dataset-dongvan-train/train/ruel/Image-24_2024-12-05.jpg,3,7,12,13
/home/dubu/manh/dongvan-yolo/dataset-dongvan-train/train/ruel/Image-41_2024-12-05.jpg,3,7,12,13
/home/dubu/manh/dongvan-yolo/dataset-dongvan-train/train/ruel/Image-64_2024-12-05.jpg,3,7,12,13
/home/dubu/manh/dongvan-yolo/dataset-dongvan-train/train/ruel/Image-44_2024-12-05.jpg,3,7,12,13
/home/dubu/manh/dongvan-yolo/dataset-dongvan-train/train/ruel/Image-59_2024-12-05.jpg,3,7,12,13
/home/dubu/manh/dongvan-yolo/dataset-dongvan-train/train/ruel/Image-28_2024-12-05.jpg,3,7,12,13
/home/dubu/manh/dongvan-yolo/dataset-dongvan-train/train/ruel/Image-11_2024-12-05.jpg,3,7,12,13
/home/dubu/manh/dongvan-yolo/dataset-dongvan-train/train/ruel/Image-40_2024-12-05.jpg,3,7,12,13
/home/dubu/manh/dongvan-yolo/dataset-dongvan-train/train/ruel/Image-18_2024-12-05.jpg,3,7,12,13
/home/dubu/manh/dongvan-yolo/dataset-dongvan-train/train/ruel/Image-35_2024-12-05.jpg,3,7,12,13
/home/dubu/manh/dongvan-yolo/dataset-dongvan-train/train/ruel/Image-2_2024-12-05.jpg,3,7,12,13
/home/dubu/manh/dongvan-yolo/dataset-dongvan-train/train/ruel/Image-29_2024-12-05.jpg,3,7,12,13
/home/dubu/manh/dongvan-yolo/dataset-dongvan-train/train/ruel_1/Image-251_2024-12-03.jpg,3,7,12,14
/home/dubu/manh/dongvan-yolo/dataset-dongvan-train/train/ruel_1/Image-320_2024-12-03.jpg,3,7,12,14
/home/dubu/manh/dongvan-yolo/dataset-dongvan-train/train/ruel_1/Image-300_2024-12-03.jpg,3,7,12,14
/home/dubu/manh/dongvan-yolo/dataset-dongvan-train/train/ruel_1/Image-302_2024-12-03.jpg,3,7,12,14
/home/dubu/manh/dongvan-yolo/dataset-dongvan-train/train/ruel_1/Image-281_2024-12-03.jpg,3,7,12,14
/home/dubu/manh/dongvan-yolo/dataset-dongvan-train/train/ruel_1/Image-263_2024-12-03.jpg,3,7,12,14
/home/dubu/manh/dongvan-yolo/dataset-dongvan-train/train/ruel_1/Image-308_2024-12-03.jpg,3,7,12,14
/home/dubu/manh/dongvan-yolo/dataset-dongvan-train/train/ruel_1/Image-239_2024-12-03.jpg,3,7,12,14
/home/dubu/manh/dongvan-yolo/dataset-dongvan-train/train/ruel_1/Image-311_2024-12-03.jpg,3,7,12,14
/home/dubu/manh/dongvan-yolo/dataset-dongvan-train/train/ruel_1/Image-295_2024-12-03.jpg,3,7,12,14
/home/dubu/manh/dongvan-yolo/dataset-dongvan-train/train/ruel_1/Image-270_2024-12-03.jpg,3,7,12,14
/home/dubu/manh/dongvan-yolo/dataset-dongvan-train/train/ruel_1/Image-301_2024-12-03.jpg,3,7,12,14
/home/dubu/manh/dongvan-yolo/dataset-dongvan-train/train/ruel_1/Image-318_2024-12-03.jpg,3,7,12,14
/home/dubu/manh/dongvan-yolo/dataset-dongvan-train/train/ruel_1/Image-327_2024-12-03.jpg,3,7,12,14
/home/dubu/manh/dongvan-yolo/dataset-dongvan-train/train/ruel_1/Image-257_2024-12-03.jpg,3,7,12,14
/home/dubu/manh/dongvan-yolo/dataset-dongvan-train/train/ruel_1/Image-231_2024-12-03.jpg,3,7,12,14
/home/dubu/manh/dongvan-yolo/dataset-dongvan-train/train/ruel_1/Image-240_2024-12-03.jpg,3,7,12,14
/home/dubu/manh/dongvan-yolo/dataset-dongvan-train/train/ruel_1/Image-258_2024-12-03.jpg,3,7,12,14
/home/dubu/manh/dongvan-yolo/dataset-dongvan-train/train/ruel_1/Image-275_2024-12-03.jpg,3,7,12,14
/home/dubu/manh/dongvan-yolo/dataset-dongvan-train/train/ruel_1/Image-273_2024-12-03.jpg,3,7,12,14
/home/dubu/manh/dongvan-yolo/dataset-dongvan-train/train/ruel_1/Image-246_2024-12-03.jpg,3,7,12,14
/home/dubu/manh/dongvan-yolo/dataset-dongvan-train/train/ruel_1/Image-325_2024-12-03.jpg,3,7,12,14
/home/dubu/manh/dongvan-yolo/dataset-dongvan-train/train/ruel_1/Image-322_2024-12-03.jpg,3,7,12,14
/home/dubu/manh/dongvan-yolo/dataset-dongvan-train/train/ruel_1/Image-296_2024-12-03.jpg,3,7,12,14
/home/dubu/manh/dongvan-yolo/dataset-dongvan-train/train/ruel_1/Image-255_2024-12-03.jpg,3,7,12,14
/home/dubu/manh/dongvan-yolo/dataset-dongvan-train/train/ruel_1/Image-314_2024-12-03.jpg,3,7,12,14
/home/dubu/manh/dongvan-yolo/dataset-dongvan-train/train/ruel_1/Image-248_2024-12-03.jpg,3,7,12,14
/home/dubu/manh/dongvan-yolo/dataset-dongvan-train/train/ruel_1/Image-236_2024-12-03.jpg,3,7,12,14
/home/dubu/manh/dongvan-yolo/dataset-dongvan-train/train/ruel_1/Image-299_2024-12-03.jpg,3,7,12,14
/home/dubu/manh/dongvan-yolo/dataset-dongvan-train/train/ruel_1/Image-268_2024-12-03.jpg,3,7,12,14
/home/dubu/manh/dongvan-yolo/dataset-dongvan-train/train/ruel_1/Image-297_2024-12-03.jpg,3,7,12,14
/home/dubu/manh/dongvan-yolo/dataset-dongvan-train/train/ruel_1/Image-244_2024-12-03.jpg,3,7,12,14
/home/dubu/manh/dongvan-yolo/dataset-dongvan-train/train/ruel_1/Image-232_2024-12-03.jpg,3,7,12,14
/home/dubu/manh/dongvan-yolo/dataset-dongvan-train/train/ruel_1/Image-324_2024-12-03.jpg,3,7,12,14
/home/dubu/manh/dongvan-yolo/dataset-dongvan-train/train/ruel_1/Image-288_2024-12-03.jpg,3,7,12,14
/home/dubu/manh/dongvan-yolo/dataset-dongvan-train/train/ruel_1/Image-298_2024-12-03.jpg,3,7,12,14
/home/dubu/manh/dongvan-yolo/dataset-dongvan-train/train/ruel_1/Image-242_2024-12-03.jpg,3,7,12,14
/home/dubu/manh/dongvan-yolo/dataset-dongvan-train/train/ruel_1/Image-333_2024-12-03.jpg,3,7,12,14
/home/dubu/manh/dongvan-yolo/dataset-dongvan-train/train/ruel_1/Image-238_2024-12-03.jpg,3,7,12,14
/home/dubu/manh/dongvan-yolo/dataset-dongvan-train/train/ruel_1/Image-315_2024-12-03.jpg,3,7,12,14
/home/dubu/manh/dongvan-yolo/dataset-dongvan-train/train/ruel_1/Image-272_2024-12-03.jpg,3,7,12,14
/home/dubu/manh/dongvan-yolo/dataset-dongvan-train/train/ruel_1/Image-317_2024-12-03.jpg,3,7,12,14
/home/dubu/manh/dongvan-yolo/dataset-dongvan-train/train/ruel_1/Image-319_2024-12-03.jpg,3,7,12,14
/home/dubu/manh/dongvan-yolo/dataset-dongvan-train/train/ruel_1/Image-271_2024-12-03.jpg,3,7,12,14
/home/dubu/manh/dongvan-yolo/dataset-dongvan-train/train/ruel_1/Image-309_2024-12-03.jpg,3,7,12,14
/home/dubu/manh/dongvan-yolo/dataset-dongvan-train/train/ruel_1/Image-245_2024-12-03.jpg,3,7,12,14
/home/dubu/manh/dongvan-yolo/dataset-dongvan-train/train/ruel_1/Image-254_2024-12-03.jpg,3,7,12,14
/home/dubu/manh/dongvan-yolo/dataset-dongvan-train/train/ruel_1/Image-284_2024-12-03.jpg,3,7,12,14
/home/dubu/manh/dongvan-yolo/dataset-dongvan-train/train/ruel_1/Image-335_2024-12-03.jpg,3,7,12,14
/home/dubu/manh/dongvan-yolo/dataset-dongvan-train/train/ruel_1/Image-256_2024-12-03.jpg,3,7,12,14
/home/dubu/manh/dongvan-yolo/dataset-dongvan-train/train/ruel_1/Image-265_2024-12-03.jpg,3,7,12,14
/home/dubu/manh/dongvan-yolo/dataset-dongvan-train/train/ruel_1/Image-282_2024-12-03.jpg,3,7,12,14
/home/dubu/manh/dongvan-yolo/dataset-dongvan-train/train/ruel_1/Image-321_2024-12-03.jpg,3,7,12,14
/home/dubu/manh/dongvan-yolo/dataset-dongvan-train/train/ruel_1/Image-307_2024-12-03.jpg,3,7,12,14
/home/dubu/manh/dongvan-yolo/dataset-dongvan-train/train/ruel_1/Image-286_2024-12-03.jpg,3,7,12,14
/home/dubu/manh/dongvan-yolo/dataset-dongvan-train/train/ruel_1/Image-291_2024-12-03.jpg,3,7,12,14
/home/dubu/manh/dongvan-yolo/dataset-dongvan-train/train/ruel_1/Image-331_2024-12-03.jpg,3,7,12,14
/home/dubu/manh/dongvan-yolo/dataset-dongvan-train/train/ruel_1/Image-234_2024-12-03.jpg,3,7,12,14
/home/dubu/manh/dongvan-yolo/dataset-dongvan-train/train/ruel_1/Image-260_2024-12-03.jpg,3,7,12,14
/home/dubu/manh/dongvan-yolo/dataset-dongvan-train/train/ruel_1/Image-290_2024-12-03.jpg,3,7,12,14
/home/dubu/manh/dongvan-yolo/dataset-dongvan-train/train/ruel_1/Image-249_2024-12-03.jpg,3,7,12,14
/home/dubu/manh/dongvan-yolo/dataset-dongvan-train/train/ruel_1/Image-316_2024-12-03.jpg,3,7,12,14
/home/dubu/manh/dongvan-yolo/dataset-dongvan-train/train/ruel_1/Image-252_2024-12-03.jpg,3,7,12,14
/home/dubu/manh/dongvan-yolo/dataset-dongvan-train/train/ruel_1/Image-261_2024-12-03.jpg,3,7,12,14
/home/dubu/manh/dongvan-yolo/dataset-dongvan-train/train/ruel_1/Image-233_2024-12-03.jpg,3,7,12,14
/home/dubu/manh/dongvan-yolo/dataset-dongvan-train/train/ruel_1/Image-329_2024-12-03.jpg,3,7,12,14
/home/dubu/manh/dongvan-yolo/dataset-dongvan-train/train/ruel_1/Image-280_2024-12-03.jpg,3,7,12,14
/home/dubu/manh/dongvan-yolo/dataset-dongvan-train/train/ruel_1/Image-235_2024-12-03.jpg,3,7,12,14
/home/dubu/manh/dongvan-yolo/dataset-dongvan-train/train/ruel_1/Image-313_2024-12-03.jpg,3,7,12,14
/home/dubu/manh/dongvan-yolo/dataset-dongvan-train/train/ruel_1/Image-332_2024-12-03.jpg,3,7,12,14
/home/dubu/manh/dongvan-yolo/dataset-dongvan-train/train/ruel_1/Image-334_2024-12-03.jpg,3,7,12,14
/home/dubu/manh/dongvan-yolo/dataset-dongvan-train/train/ruel_1/Image-250_2024-12-03.jpg,3,7,12,14
/home/dubu/manh/dongvan-yolo/dataset-dongvan-train/train/ruel_1/Image-259_2024-12-03.jpg,3,7,12,14
/home/dubu/manh/dongvan-yolo/dataset-dongvan-train/train/ruel_1/Image-328_2024-12-03.jpg,3,7,12,14
/home/dubu/manh/dongvan-yolo/dataset-dongvan-train/train/ruel_1/Image-292_2024-12-03.jpg,3,7,12,14
/home/dubu/manh/dongvan-yolo/dataset-dongvan-train/train/ruel_1/Image-326_2024-12-03.jpg,3,7,12,14
/home/dubu/manh/dongvan-yolo/dataset-dongvan-train/train/ruel_1/Image-247_2024-12-03.jpg,3,7,12,14
/home/dubu/manh/dongvan-yolo/dataset-dongvan-train/train/ruel_1/Image-243_2024-12-03.jpg,3,7,12,14
/home/dubu/manh/dongvan-yolo/dataset-dongvan-train/train/ruel_2/Image-172_2024-11-30.jpg,3,7,12,15
/home/dubu/manh/dongvan-yolo/dataset-dongvan-train/train/ruel_2/Image-167_2024-11-30.jpg,3,7,12,15
/home/dubu/manh/dongvan-yolo/dataset-dongvan-train/train/ruel_2/Image-146_2024-11-30.jpg,3,7,12,15
/home/dubu/manh/dongvan-yolo/dataset-dongvan-train/train/ruel_2/Image-144_2024-11-30.jpg,3,7,12,15
/home/dubu/manh/dongvan-yolo/dataset-dongvan-train/train/ruel_2/Image-176_2024-11-30.jpg,3,7,12,15
/home/dubu/manh/dongvan-yolo/dataset-dongvan-train/train/ruel_2/Image-124_2024-11-30.jpg,3,7,12,15
/home/dubu/manh/dongvan-yolo/dataset-dongvan-train/train/ruel_2/Image-145_2024-11-30.jpg,3,7,12,15
/home/dubu/manh/dongvan-yolo/dataset-dongvan-train/train/ruel_2/Image-198_2024-11-30.jpg,3,7,12,15
/home/dubu/manh/dongvan-yolo/dataset-dongvan-train/train/ruel_2/Image-160_2024-11-30.jpg,3,7,12,15
/home/dubu/manh/dongvan-yolo/dataset-dongvan-train/train/ruel_2/Image-175_2024-11-30.jpg,3,7,12,15
/home/dubu/manh/dongvan-yolo/dataset-dongvan-train/train/ruel_2/Image-193_2024-11-30.jpg,3,7,12,15
/home/dubu/manh/dongvan-yolo/dataset-dongvan-train/train/ruel_2/Image-194_2024-11-30.jpg,3,7,12,15
/home/dubu/manh/dongvan-yolo/dataset-dongvan-train/train/ruel_2/Image-120_2024-11-30.jpg,3,7,12,15
/home/dubu/manh/dongvan-yolo/dataset-dongvan-train/train/ruel_2/Image-157_2024-11-30.jpg,3,7,12,15
/home/dubu/manh/dongvan-yolo/dataset-dongvan-train/train/ruel_2/Image-161_2024-11-30.jpg,3,7,12,15
/home/dubu/manh/dongvan-yolo/dataset-dongvan-train/train/ruel_2/Image-148_2024-11-30.jpg,3,7,12,15
/home/dubu/manh/dongvan-yolo/dataset-dongvan-train/train/ruel_2/Image-139_2024-11-30.jpg,3,7,12,15
/home/dubu/manh/dongvan-yolo/dataset-dongvan-train/train/ruel_2/Image-136_2024-11-30.jpg,3,7,12,15
/home/dubu/manh/dongvan-yolo/dataset-dongvan-train/train/ruel_2/Image-126_2024-11-30.jpg,3,7,12,15
/home/dubu/manh/dongvan-yolo/dataset-dongvan-train/train/ruel_2/Image-168_2024-11-30.jpg,3,7,12,15
/home/dubu/manh/dongvan-yolo/dataset-dongvan-train/train/ruel_2/Image-196_2024-11-30.jpg,3,7,12,15
/home/dubu/manh/dongvan-yolo/dataset-dongvan-train/train/ruel_2/Image-187_2024-11-30.jpg,3,7,12,15
/home/dubu/manh/dongvan-yolo/dataset-dongvan-train/train/ruel_2/Image-113_2024-11-30.jpg,3,7,12,15
/home/dubu/manh/dongvan-yolo/dataset-dongvan-train/train/ruel_2/Image-189_2024-11-30.jpg,3,7,12,15
/home/dubu/manh/dongvan-yolo/dataset-dongvan-train/train/ruel_2/Image-110_2024-11-30.jpg,3,7,12,15
/home/dubu/manh/dongvan-yolo/dataset-dongvan-train/train/ruel_2/Image-119_2024-11-30.jpg,3,7,12,15
/home/dubu/manh/dongvan-yolo/dataset-dongvan-train/train/ruel_2/Image-190_2024-11-30.jpg,3,7,12,15
/home/dubu/manh/dongvan-yolo/dataset-dongvan-train/train/ruel_2/Image-183_2024-11-30.jpg,3,7,12,15
/home/dubu/manh/dongvan-yolo/dataset-dongvan-train/train/ruel_2/Image-152_2024-11-30.jpg,3,7,12,15
/home/dubu/manh/dongvan-yolo/dataset-dongvan-train/train/ruel_2/Image-117_2024-11-30.jpg,3,7,12,15
/home/dubu/manh/dongvan-yolo/dataset-dongvan-train/train/ruel_2/Image-106_2024-11-30.jpg,3,7,12,15
/home/dubu/manh/dongvan-yolo/dataset-dongvan-train/train/ruel_2/Image-125_2024-11-30.jpg,3,7,12,15
/home/dubu/manh/dongvan-yolo/dataset-dongvan-train/train/ruel_2/Image-135_2024-11-30.jpg,3,7,12,15
/home/dubu/manh/dongvan-yolo/dataset-dongvan-train/train/ruel_2/Image-109_2024-11-30.jpg,3,7,12,15
/home/dubu/manh/dongvan-yolo/dataset-dongvan-train/train/ruel_2/Image-166_2024-11-30.jpg,3,7,12,15
/home/dubu/manh/dongvan-yolo/dataset-dongvan-train/train/ruel_2/Image-186_2024-11-30.jpg,3,7,12,15
/home/dubu/manh/dongvan-yolo/dataset-dongvan-train/train/ruel_2/Image-132_2024-11-30.jpg,3,7,12,15
/home/dubu/manh/dongvan-yolo/dataset-dongvan-train/train/ruel_2/Image-173_2024-11-30.jpg,3,7,12,15
/home/dubu/manh/dongvan-yolo/dataset-dongvan-train/train/ruel_2/Image-185_2024-11-30.jpg,3,7,12,15
/home/dubu/manh/dongvan-yolo/dataset-dongvan-train/train/ruel_2/Image-169_2024-11-30.jpg,3,7,12,15
/home/dubu/manh/dongvan-yolo/dataset-dongvan-train/train/ruel_2/Image-171_2024-11-30.jpg,3,7,12,15
/home/dubu/manh/dongvan-yolo/dataset-dongvan-train/train/ruel_2/Image-130_2024-11-30.jpg,3,7,12,15
/home/dubu/manh/dongvan-yolo/dataset-dongvan-train/train/ruel_2/Image-156_2024-11-30.jpg,3,7,12,15
/home/dubu/manh/dongvan-yolo/dataset-dongvan-train/train/ruel_2/Image-147_2024-11-30.jpg,3,7,12,15
/home/dubu/manh/dongvan-yolo/dataset-dongvan-train/train/ruel_2/Image-107_2024-11-30.jpg,3,7,12,15
/home/dubu/manh/dongvan-yolo/dataset-dongvan-train/train/ruel_2/Image-153_2024-11-30.jpg,3,7,12,15
/home/dubu/manh/dongvan-yolo/dataset-dongvan-train/train/ruel_2/Image-137_2024-11-30.jpg,3,7,12,15
/home/dubu/manh/dongvan-yolo/dataset-dongvan-train/train/ruel_2/Image-155_2024-11-30.jpg,3,7,12,15
/home/dubu/manh/dongvan-yolo/dataset-dongvan-train/train/ruel_2/Image-165_2024-11-30.jpg,3,7,12,15
/home/dubu/manh/dongvan-yolo/dataset-dongvan-train/train/ruel_2/Image-108_2024-11-30.jpg,3,7,12,15
/home/dubu/manh/dongvan-yolo/dataset-dongvan-train/train/ruel_2/Image-127_2024-11-30.jpg,3,7,12,15
/home/dubu/manh/dongvan-yolo/dataset-dongvan-train/train/ruel_2/Image-159_2024-11-30.jpg,3,7,12,15
/home/dubu/manh/dongvan-yolo/dataset-dongvan-train/train/ruel_2/Image-192_2024-11-30.jpg,3,7,12,15
/home/dubu/manh/dongvan-yolo/dataset-dongvan-train/train/ruel_2/Image-149_2024-11-30.jpg,3,7,12,15
/home/dubu/manh/dongvan-yolo/dataset-dongvan-train/train/ruel_2/Image-178_2024-11-30.jpg,3,7,12,15
/home/dubu/manh/dongvan-yolo/dataset-dongvan-train/train/ruel_2/Image-163_2024-11-30.jpg,3,7,12,15
/home/dubu/manh/dongvan-yolo/dataset-dongvan-train/train/ruel_2/Image-138_2024-11-30.jpg,3,7,12,15
/home/dubu/manh/dongvan-yolo/dataset-dongvan-train/train/ruel_2/Image-180_2024-11-30.jpg,3,7,12,15
/home/dubu/manh/dongvan-yolo/dataset-dongvan-train/train/ruel_2/Image-118_2024-11-30.jpg,3,7,12,15
/home/dubu/manh/dongvan-yolo/dataset-dongvan-train/train/ruel_2/Image-123_2024-11-30.jpg,3,7,12,15
/home/dubu/manh/dongvan-yolo/dataset-dongvan-train/train/ruel_2/Image-116_2024-11-30.jpg,3,7,12,15
/home/dubu/manh/dongvan-yolo/dataset-dongvan-train/train/ruel_2/Image-131_2024-11-30.jpg,3,7,12,15
/home/dubu/manh/dongvan-yolo/dataset-dongvan-train/train/ruel_2/Image-133_2024-11-30.jpg,3,7,12,15
/home/dubu/manh/dongvan-yolo/dataset-dongvan-train/train/ruel_2/Image-184_2024-11-30.jpg,3,7,12,15
/home/dubu/manh/dongvan-yolo/dataset-dongvan-train/train/ruel_2/Image-112_2024-11-30.jpg,3,7,12,15
/home/dubu/manh/dongvan-yolo/dataset-dongvan-train/train/sige/Image-422_2024-12-03.jpg,1,1,6,16
/home/dubu/manh/dongvan-yolo/dataset-dongvan-train/train/sige/Image-428_2024-12-03.jpg,1,1,6,16
/home/dubu/manh/dongvan-yolo/dataset-dongvan-train/train/sige/Image-340_2024-12-03.jpg,1,1,6,16
/home/dubu/manh/dongvan-yolo/dataset-dongvan-train/train/sige/Image-388_2024-12-03.jpg,1,1,6,16
/home/dubu/manh/dongvan-yolo/dataset-dongvan-train/train/sige/Image-425_2024-12-03.jpg,1,1,6,16
/home/dubu/manh/dongvan-yolo/dataset-dongvan-train/train/sige/Image-386_2024-12-03.jpg,1,1,6,16
/home/dubu/manh/dongvan-yolo/dataset-dongvan-train/train/sige/Image-443_2024-12-03.jpg,1,1,6,16
/home/dubu/manh/dongvan-yolo/dataset-dongvan-train/train/sige/Image-452_2024-12-03.jpg,1,1,6,16
/home/dubu/manh/dongvan-yolo/dataset-dongvan-train/train/sige/Image-415_2024-12-03.jpg,1,1,6,16
/home/dubu/manh/dongvan-yolo/dataset-dongvan-train/train/sige/Image-366_2024-12-03.jpg,1,1,6,16
/home/dubu/manh/dongvan-yolo/dataset-dongvan-train/train/sige/Image-346_2024-12-03.jpg,1,1,6,16
/home/dubu/manh/dongvan-yolo/dataset-dongvan-train/train/sige/Image-367_2024-12-03.jpg,1,1,6,16
/home/dubu/manh/dongvan-yolo/dataset-dongvan-train/train/sige/Image-418_2024-12-03.jpg,1,1,6,16
/home/dubu/manh/dongvan-yolo/dataset-dongvan-train/train/sige/Image-360_2024-12-03.jpg,1,1,6,16
/home/dubu/manh/dongvan-yolo/dataset-dongvan-train/train/sige/Image-427_2024-12-03.jpg,1,1,6,16
/home/dubu/manh/dongvan-yolo/dataset-dongvan-train/train/sige/Image-445_2024-12-03.jpg,1,1,6,16
/home/dubu/manh/dongvan-yolo/dataset-dongvan-train/train/sige/Image-397_2024-12-03.jpg,1,1,6,16
/home/dubu/manh/dongvan-yolo/dataset-dongvan-train/train/sige/Image-339_2024-12-03.jpg,1,1,6,16
/home/dubu/manh/dongvan-yolo/dataset-dongvan-train/train/sige/Image-398_2024-12-03.jpg,1,1,6,16
/home/dubu/manh/dongvan-yolo/dataset-dongvan-train/train/sige/Image-384_2024-12-03.jpg,1,1,6,16
/home/dubu/manh/dongvan-yolo/dataset-dongvan-train/train/sige/Image-416_2024-12-03.jpg,1,1,6,16
/home/dubu/manh/dongvan-yolo/dataset-dongvan-train/train/sige/Image-387_2024-12-03.jpg,1,1,6,16
/home/dubu/manh/dongvan-yolo/dataset-dongvan-train/train/sige/Image-423_2024-12-03.jpg,1,1,6,16
/home/dubu/manh/dongvan-yolo/dataset-dongvan-train/train/sige/Image-365_2024-12-03.jpg,1,1,6,16
/home/dubu/manh/dongvan-yolo/dataset-dongvan-train/train/sige/Image-440_2024-12-03.jpg,1,1,6,16
/home/dubu/manh/dongvan-yolo/dataset-dongvan-train/train/sige/Image-453_2024-12-03.jpg,1,1,6,16
/home/dubu/manh/dongvan-yolo/dataset-dongvan-train/train/sige/Image-421_2024-12-03.jpg,1,1,6,16
/home/dubu/manh/dongvan-yolo/dataset-dongvan-train/train/sige/Image-406_2024-12-03.jpg,1,1,6,16
/home/dubu/manh/dongvan-yolo/dataset-dongvan-train/train/sige/Image-341_2024-12-03.jpg,1,1,6,16
/home/dubu/manh/dongvan-yolo/dataset-dongvan-train/train/sige/Image-378_2024-12-03.jpg,1,1,6,16
/home/dubu/manh/dongvan-yolo/dataset-dongvan-train/train/sige/Image-370_2024-12-03.jpg,1,1,6,16
/home/dubu/manh/dongvan-yolo/dataset-dongvan-train/train/sige/Image-400_2024-12-03.jpg,1,1,6,16
/home/dubu/manh/dongvan-yolo/dataset-dongvan-train/train/sige/Image-393_2024-12-03.jpg,1,1,6,16
/home/dubu/manh/dongvan-yolo/dataset-dongvan-train/train/sige/Image-412_2024-12-03.jpg,1,1,6,16
/home/dubu/manh/dongvan-yolo/dataset-dongvan-train/train/sige/Image-394_2024-12-03.jpg,1,1,6,16
/home/dubu/manh/dongvan-yolo/dataset-dongvan-train/train/sige/Image-363_2024-12-03.jpg,1,1,6,16
/home/dubu/manh/dongvan-yolo/dataset-dongvan-train/train/sige/Image-442_2024-12-03.jpg,1,1,6,16
/home/dubu/manh/dongvan-yolo/dataset-dongvan-train/train/sige/Image-424_2024-12-03.jpg,1,1,6,16
/home/dubu/manh/dongvan-yolo/dataset-dongvan-train/train/sige/Image-446_2024-12-03.jpg,1,1,6,16
/home/dubu/manh/dongvan-yolo/dataset-dongvan-train/train/sige/Image-357_2024-12-03.jpg,1,1,6,16
/home/dubu/manh/dongvan-yolo/dataset-dongvan-train/train/sige/Image-380_2024-12-03.jpg,1,1,6,16
/home/dubu/manh/dongvan-yolo/dataset-dongvan-train/train/sige/Image-402_2024-12-03.jpg,1,1,6,16
/home/dubu/manh/dongvan-yolo/dataset-dongvan-train/train/sige/Image-417_2024-12-03.jpg,1,1,6,16
/home/dubu/manh/dongvan-yolo/dataset-dongvan-train/train/sige/Image-399_2024-12-03.jpg,1,1,6,16
/home/dubu/manh/dongvan-yolo/dataset-dongvan-train/train/sige/Image-454_2024-12-03.jpg,1,1,6,16
/home/dubu/manh/dongvan-yolo/dataset-dongvan-train/train/sige/Image-435_2024-12-03.jpg,1,1,6,16
/home/dubu/manh/dongvan-yolo/dataset-dongvan-train/train/sige/Image-345_2024-12-03.jpg,1,1,6,16
/home/dubu/manh/dongvan-yolo/dataset-dongvan-train/train/sige/Image-419_2024-12-03.jpg,1,1,6,16
/home/dubu/manh/dongvan-yolo/dataset-dongvan-train/train/sige/Image-451_2024-12-03.jpg,1,1,6,16
/home/dubu/manh/dongvan-yolo/dataset-dongvan-train/train/sige/Image-390_2024-12-03.jpg,1,1,6,16
/home/dubu/manh/dongvan-yolo/dataset-dongvan-train/train/sige/Image-401_2024-12-03.jpg,1,1,6,16
/home/dubu/manh/dongvan-yolo/dataset-dongvan-train/train/sige/Image-355_2024-12-03.jpg,1,1,6,16
/home/dubu/manh/dongvan-yolo/dataset-dongvan-train/train/sige/Image-374_2024-12-03.jpg,1,1,6,16
/home/dubu/manh/dongvan-yolo/dataset-dongvan-train/train/sige/Image-405_2024-12-03.jpg,1,1,6,16
/home/dubu/manh/dongvan-yolo/dataset-dongvan-train/train/sige/Image-420_2024-12-03.jpg,1,1,6,16
/home/dubu/manh/dongvan-yolo/dataset-dongvan-train/train/sige/Image-389_2024-12-03.jpg,1,1,6,16
/home/dubu/manh/dongvan-yolo/dataset-dongvan-train/train/sige/Image-385_2024-12-03.jpg,1,1,6,16
/home/dubu/manh/dongvan-yolo/dataset-dongvan-train/train/sige/Image-409_2024-12-03.jpg,1,1,6,16
/home/dubu/manh/dongvan-yolo/dataset-dongvan-train/train/sige/Image-376_2024-12-03.jpg,1,1,6,16
/home/dubu/manh/dongvan-yolo/dataset-dongvan-train/train/sige/Image-348_2024-12-03.jpg,1,1,6,16
/home/dubu/manh/dongvan-yolo/dataset-dongvan-train/train/sige/Image-450_2024-12-03.jpg,1,1,6,16
/home/dubu/manh/dongvan-yolo/dataset-dongvan-train/train/sige/Image-431_2024-12-03.jpg,1,1,6,16
/home/dubu/manh/dongvan-yolo/dataset-dongvan-train/train/sige/Image-411_2024-12-03.jpg,1,1,6,16
/home/dubu/manh/dongvan-yolo/dataset-dongvan-train/train/sige/Image-383_2024-12-03.jpg,1,1,6,16
/home/dubu/manh/dongvan-yolo/dataset-dongvan-train/train/sige/Image-403_2024-12-03.jpg,1,1,6,16
/home/dubu/manh/dongvan-yolo/dataset-dongvan-train/train/sige/Image-371_2024-12-03.jpg,1,1,6,16
/home/dubu/manh/dongvan-yolo/dataset-dongvan-train/train/sige/Image-439_2024-12-03.jpg,1,1,6,16
/home/dubu/manh/dongvan-yolo/dataset-dongvan-train/train/sige/Image-438_2024-12-03.jpg,1,1,6,16
/home/dubu/manh/dongvan-yolo/dataset-dongvan-train/train/sige/Image-455_2024-12-03.jpg,1,1,6,16
/home/dubu/manh/dongvan-yolo/dataset-dongvan-train/train/sige/Image-407_2024-12-03.jpg,1,1,6,16
/home/dubu/manh/dongvan-yolo/dataset-dongvan-train/train/sige/Image-372_2024-12-03.jpg,1,1,6,16
/home/dubu/manh/dongvan-yolo/dataset-dongvan-train/train/sige/Image-369_2024-12-03.jpg,1,1,6,16
/home/dubu/manh/dongvan-yolo/dataset-dongvan-train/train/sige/Image-436_2024-12-03.jpg,1,1,6,16
/home/dubu/manh/dongvan-yolo/dataset-dongvan-train/train/sige/Image-413_2024-12-03.jpg,1,1,6,16
/home/dubu/manh/dongvan-yolo/dataset-dongvan-train/train/sige/Image-404_2024-12-03.jpg,1,1,6,16
/home/dubu/manh/dongvan-yolo/dataset-dongvan-train/train/sige/Image-392_2024-12-03.jpg,1,1,6,16
/home/dubu/manh/dongvan-yolo/dataset-dongvan-train/train/sige/Image-449_2024-12-03.jpg,1,1,6,16
/home/dubu/manh/dongvan-yolo/dataset-dongvan-train/train/sige/Image-441_2024-12-03.jpg,1,1,6,16
/home/dubu/manh/dongvan-yolo/dataset-dongvan-train/train/sige/Image-437_2024-12-03.jpg,1,1,6,16
/home/dubu/manh/dongvan-yolo/dataset-dongvan-train/train/sige/Image-408_2024-12-03.jpg,1,1,6,16
/home/dubu/manh/dongvan-yolo/dataset-dongvan-train/train/sige/Image-343_2024-12-03.jpg,1,1,6,16
/home/dubu/manh/dongvan-yolo/dataset-dongvan-train/train/sige/Image-396_2024-12-03.jpg,1,1,6,16
/home/dubu/manh/dongvan-yolo/dataset-dongvan-train/train/sige_1/Image-307_2024-11-30.jpg,1,1,6,17
/home/dubu/manh/dongvan-yolo/dataset-dongvan-train/train/sige_1/Image-366_2024-11-30.jpg,1,1,6,17
/home/dubu/manh/dongvan-yolo/dataset-dongvan-train/train/sige_1/Image-369_2024-11-30.jpg,1,1,6,17
/home/dubu/manh/dongvan-yolo/dataset-dongvan-train/train/sige_1/Image-309_2024-11-30.jpg,1,1,6,17
/home/dubu/manh/dongvan-yolo/dataset-dongvan-train/train/sige_1/Image-301_2024-11-30.jpg,1,1,6,17
/home/dubu/manh/dongvan-yolo/dataset-dongvan-train/train/sige_1/Image-299_2024-11-30.jpg,1,1,6,17
/home/dubu/manh/dongvan-yolo/dataset-dongvan-train/train/sige_1/Image-387_2024-11-30.jpg,1,1,6,17
/home/dubu/manh/dongvan-yolo/dataset-dongvan-train/train/sige_1/Image-312_2024-11-30.jpg,1,1,6,17
/home/dubu/manh/dongvan-yolo/dataset-dongvan-train/train/sige_1/Image-349_2024-11-30.jpg,1,1,6,17
/home/dubu/manh/dongvan-yolo/dataset-dongvan-train/train/sige_1/Image-355_2024-11-30.jpg,1,1,6,17
/home/dubu/manh/dongvan-yolo/dataset-dongvan-train/train/sige_1/Image-392_2024-11-30.jpg,1,1,6,17
/home/dubu/manh/dongvan-yolo/dataset-dongvan-train/train/sige_1/Image-358_2024-11-30.jpg,1,1,6,17
/home/dubu/manh/dongvan-yolo/dataset-dongvan-train/train/sige_1/Image-423_2024-11-30.jpg,1,1,6,17
/home/dubu/manh/dongvan-yolo/dataset-dongvan-train/train/sige_1/Image-332_2024-11-30.jpg,1,1,6,17
/home/dubu/manh/dongvan-yolo/dataset-dongvan-train/train/sige_1/Image-373_2024-11-30.jpg,1,1,6,17
/home/dubu/manh/dongvan-yolo/dataset-dongvan-train/train/sige_1/Image-384_2024-11-30.jpg,1,1,6,17
/home/dubu/manh/dongvan-yolo/dataset-dongvan-train/train/sige_1/Image-386_2024-11-30.jpg,1,1,6,17
/home/dubu/manh/dongvan-yolo/dataset-dongvan-train/train/sige_1/Image-327_2024-11-30.jpg,1,1,6,17
/home/dubu/manh/dongvan-yolo/dataset-dongvan-train/train/sige_1/Image-326_2024-11-30.jpg,1,1,6,17
/home/dubu/manh/dongvan-yolo/dataset-dongvan-train/train/sige_1/Image-413_2024-11-30.jpg,1,1,6,17
/home/dubu/manh/dongvan-yolo/dataset-dongvan-train/train/sige_1/Image-377_2024-11-30.jpg,1,1,6,17
/home/dubu/manh/dongvan-yolo/dataset-dongvan-train/train/sige_1/Image-453_2024-11-30.jpg,1,1,6,17
/home/dubu/manh/dongvan-yolo/dataset-dongvan-train/train/sige_1/Image-346_2024-11-30.jpg,1,1,6,17
/home/dubu/manh/dongvan-yolo/dataset-dongvan-train/train/sige_1/Image-328_2024-11-30.jpg,1,1,6,17
/home/dubu/manh/dongvan-yolo/dataset-dongvan-train/train/sige_1/Image-339_2024-11-30.jpg,1,1,6,17
/home/dubu/manh/dongvan-yolo/dataset-dongvan-train/train/sige_1/Image-337_2024-11-30.jpg,1,1,6,17
/home/dubu/manh/dongvan-yolo/dataset-dongvan-train/train/sige_1/Image-321_2024-11-30.jpg,1,1,6,17
/home/dubu/manh/dongvan-yolo/dataset-dongvan-train/train/sige_1/Image-382_2024-11-30.jpg,1,1,6,17
/home/dubu/manh/dongvan-yolo/dataset-dongvan-train/train/sige_1/Image-381_2024-11-30.jpg,1,1,6,17
/home/dubu/manh/dongvan-yolo/dataset-dongvan-train/train/sige_1/Image-363_2024-11-30.jpg,1,1,6,17
/home/dubu/manh/dongvan-yolo/dataset-dongvan-train/train/sige_1/Image-296_2024-11-30.jpg,1,1,6,17
/home/dubu/manh/dongvan-yolo/dataset-dongvan-train/train/sige_1/Image-370_2024-11-30.jpg,1,1,6,17
/home/dubu/manh/dongvan-yolo/dataset-dongvan-train/train/sige_1/Image-347_2024-11-30.jpg,1,1,6,17
/home/dubu/manh/dongvan-yolo/dataset-dongvan-train/train/sige_1/Image-402_2024-11-30.jpg,1,1,6,17
/home/dubu/manh/dongvan-yolo/dataset-dongvan-train/train/sige_1/Image-306_2024-11-30.jpg,1,1,6,17
/home/dubu/manh/dongvan-yolo/dataset-dongvan-train/train/sige_1/Image-379_2024-11-30.jpg,1,1,6,17
/home/dubu/manh/dongvan-yolo/dataset-dongvan-train/train/sige_1/Image-422_2024-11-30.jpg,1,1,6,17
/home/dubu/manh/dongvan-yolo/dataset-dongvan-train/train/sige_1/Image-367_2024-11-30.jpg,1,1,6,17
/home/dubu/manh/dongvan-yolo/dataset-dongvan-train/train/sige_1/Image-376_2024-11-30.jpg,1,1,6,17
/home/dubu/manh/dongvan-yolo/dataset-dongvan-train/train/sige_1/Image-330_2024-11-30.jpg,1,1,6,17
/home/dubu/manh/dongvan-yolo/dataset-dongvan-train/train/sige_1/Image-389_2024-11-30.jpg,1,1,6,17
/home/dubu/manh/dongvan-yolo/dataset-dongvan-train/train/sige_1/Image-325_2024-11-30.jpg,1,1,6,17
/home/dubu/manh/dongvan-yolo/dataset-dongvan-train/train/sige_1/Image-374_2024-11-30.jpg,1,1,6,17
/home/dubu/manh/dongvan-yolo/dataset-dongvan-train/train/sige_1/Image-380_2024-11-30.jpg,1,1,6,17
/home/dubu/manh/dongvan-yolo/dataset-dongvan-train/train/sige_1/Image-302_2024-11-30.jpg,1,1,6,17
/home/dubu/manh/dongvan-yolo/dataset-dongvan-train/train/sige_1/Image-378_2024-11-30.jpg,1,1,6,17
/home/dubu/manh/dongvan-yolo/dataset-dongvan-train/train/sige_1/Image-365_2024-11-30.jpg,1,1,6,17
/home/dubu/manh/dongvan-yolo/dataset-dongvan-train/train/sige_1/Image-348_2024-11-30.jpg,1,1,6,17
/home/dubu/manh/dongvan-yolo/dataset-dongvan-train/train/sige_1/Image-353_2024-11-30.jpg,1,1,6,17
/home/dubu/manh/dongvan-yolo/dataset-dongvan-train/train/sige_1/Image-313_2024-11-30.jpg,1,1,6,17
/home/dubu/manh/dongvan-yolo/dataset-dongvan-train/train/sige_1/Image-354_2024-11-30.jpg,1,1,6,17
/home/dubu/manh/dongvan-yolo/dataset-dongvan-train/train/sige_1/Image-462_2024-11-30.jpg,1,1,6,17
/home/dubu/manh/dongvan-yolo/dataset-dongvan-train/train/sige_1/Image-329_2024-11-30.jpg,1,1,6,17
/home/dubu/manh/dongvan-yolo/dataset-dongvan-train/train/sige_1/Image-317_2024-11-30.jpg,1,1,6,17
/home/dubu/manh/dongvan-yolo/dataset-dongvan-train/train/sige_1/Image-331_2024-11-30.jpg,1,1,6,17
/home/dubu/manh/dongvan-yolo/dataset-dongvan-train/train/sige_1/Image-322_2024-11-30.jpg,1,1,6,17
/home/dubu/manh/dongvan-yolo/dataset-dongvan-train/train/sige_1/Image-368_2024-11-30.jpg,1,1,6,17
/home/dubu/manh/dongvan-yolo/dataset-dongvan-train/train/sige_1/Image-334_2024-11-30.jpg,1,1,6,17
/home/dubu/manh/dongvan-yolo/dataset-dongvan-train/train/sige_1/Image-320_2024-11-30.jpg,1,1,6,17
/home/dubu/manh/dongvan-yolo/dataset-dongvan-train/train/sige_1/Image-433_2024-11-30.jpg,1,1,6,17
/home/dubu/manh/dongvan-yolo/dataset-dongvan-train/train/sige_1/Image-319_2024-11-30.jpg,1,1,6,17
/home/dubu/manh/dongvan-yolo/dataset-dongvan-train/train/sige_1/Image-341_2024-11-30.jpg,1,1,6,17
/home/dubu/manh/dongvan-yolo/dataset-dongvan-train/train/sige_1/Image-361_2024-11-30.jpg,1,1,6,17
/home/dubu/manh/dongvan-yolo/dataset-dongvan-train/train/sige_1/Image-311_2024-11-30.jpg,1,1,6,17
/home/dubu/manh/dongvan-yolo/dataset-dongvan-train/train/sige_1/Image-388_2024-11-30.jpg,1,1,6,17
/home/dubu/manh/dongvan-yolo/dataset-dongvan-train/train/sige_1/Image-412_2024-11-30.jpg,1,1,6,17
/home/dubu/manh/dongvan-yolo/dataset-dongvan-train/train/sige_1/Image-357_2024-11-30.jpg,1,1,6,17
/home/dubu/manh/dongvan-yolo/dataset-dongvan-train/train/sige_1/Image-335_2024-11-30.jpg,1,1,6,17
/home/dubu/manh/dongvan-yolo/dataset-dongvan-train/train/teco/Image-288_2024-12-02.jpg,3,4,8,18
/home/dubu/manh/dongvan-yolo/dataset-dongvan-train/train/teco/Image-298_2024-12-02.jpg,3,4,8,18
/home/dubu/manh/dongvan-yolo/dataset-dongvan-train/train/teco/Image-337_2024-12-02.jpg,3,4,8,18
/home/dubu/manh/dongvan-yolo/dataset-dongvan-train/train/teco/Image-294_2024-12-02.jpg,3,4,8,18
/home/dubu/manh/dongvan-yolo/dataset-dongvan-train/train/teco/Image-313_2024-12-02.jpg,3,4,8,18
/home/dubu/manh/dongvan-yolo/dataset-dongvan-train/train/teco/Image-304_2024-12-02.jpg,3,4,8,18
/home/dubu/manh/dongvan-yolo/dataset-dongvan-train/train/teco/Image-335_2024-12-02.jpg,3,4,8,18
/home/dubu/manh/dongvan-yolo/dataset-dongvan-train/train/teco/Image-284_2024-12-02.jpg,3,4,8,18
/home/dubu/manh/dongvan-yolo/dataset-dongvan-train/train/teco/Image-272_2024-12-02.jpg,3,4,8,18
/home/dubu/manh/dongvan-yolo/dataset-dongvan-train/train/teco/Image-255_2024-12-02.jpg,3,4,8,18
/home/dubu/manh/dongvan-yolo/dataset-dongvan-train/train/teco/Image-328_2024-12-02.jpg,3,4,8,18
/home/dubu/manh/dongvan-yolo/dataset-dongvan-train/train/teco/Image-254_2024-12-02.jpg,3,4,8,18
/home/dubu/manh/dongvan-yolo/dataset-dongvan-train/train/teco/Image-331_2024-12-02.jpg,3,4,8,18
/home/dubu/manh/dongvan-yolo/dataset-dongvan-train/train/teco/Image-321_2024-12-02.jpg,3,4,8,18
/home/dubu/manh/dongvan-yolo/dataset-dongvan-train/train/teco/Image-306_2024-12-02.jpg,3,4,8,18
/home/dubu/manh/dongvan-yolo/dataset-dongvan-train/train/teco/Image-236_2024-12-02.jpg,3,4,8,18
/home/dubu/manh/dongvan-yolo/dataset-dongvan-train/train/teco/Image-242_2024-12-02.jpg,3,4,8,18
/home/dubu/manh/dongvan-yolo/dataset-dongvan-train/train/teco/Image-276_2024-12-02.jpg,3,4,8,18
/home/dubu/manh/dongvan-yolo/dataset-dongvan-train/train/teco/Image-310_2024-12-02.jpg,3,4,8,18
/home/dubu/manh/dongvan-yolo/dataset-dongvan-train/train/teco/Image-324_2024-12-02.jpg,3,4,8,18
/home/dubu/manh/dongvan-yolo/dataset-dongvan-train/train/teco/Image-309_2024-12-02.jpg,3,4,8,18
/home/dubu/manh/dongvan-yolo/dataset-dongvan-train/train/teco/Image-263_2024-12-02.jpg,3,4,8,18
/home/dubu/manh/dongvan-yolo/dataset-dongvan-train/train/teco/Image-281_2024-12-02.jpg,3,4,8,18
/home/dubu/manh/dongvan-yolo/dataset-dongvan-train/train/teco/Image-270_2024-12-02.jpg,3,4,8,18
/home/dubu/manh/dongvan-yolo/dataset-dongvan-train/train/teco/Image-237_2024-12-02.jpg,3,4,8,18
/home/dubu/manh/dongvan-yolo/dataset-dongvan-train/train/teco/Image-291_2024-12-02.jpg,3,4,8,18
/home/dubu/manh/dongvan-yolo/dataset-dongvan-train/train/teco/Image-323_2024-12-02.jpg,3,4,8,18
/home/dubu/manh/dongvan-yolo/dataset-dongvan-train/train/teco/Image-334_2024-12-02.jpg,3,4,8,18
/home/dubu/manh/dongvan-yolo/dataset-dongvan-train/train/teco/Image-315_2024-12-02.jpg,3,4,8,18
/home/dubu/manh/dongvan-yolo/dataset-dongvan-train/train/teco/Image-275_2024-12-02.jpg,3,4,8,18
/home/dubu/manh/dongvan-yolo/dataset-dongvan-train/train/teco/Image-305_2024-12-02.jpg,3,4,8,18
/home/dubu/manh/dongvan-yolo/dataset-dongvan-train/train/teco/Image-278_2024-12-02.jpg,3,4,8,18
/home/dubu/manh/dongvan-yolo/dataset-dongvan-train/train/teco/Image-282_2024-12-02.jpg,3,4,8,18
/home/dubu/manh/dongvan-yolo/dataset-dongvan-train/train/teco/Image-260_2024-12-02.jpg,3,4,8,18
/home/dubu/manh/dongvan-yolo/dataset-dongvan-train/train/teco/Image-261_2024-12-02.jpg,3,4,8,18
/home/dubu/manh/dongvan-yolo/dataset-dongvan-train/train/teco/Image-266_2024-12-02.jpg,3,4,8,18
/home/dubu/manh/dongvan-yolo/dataset-dongvan-train/train/teco/Image-271_2024-12-02.jpg,3,4,8,18
/home/dubu/manh/dongvan-yolo/dataset-dongvan-train/train/teco/Image-295_2024-12-02.jpg,3,4,8,18
/home/dubu/manh/dongvan-yolo/dataset-dongvan-train/train/teco/Image-264_2024-12-02.jpg,3,4,8,18
/home/dubu/manh/dongvan-yolo/dataset-dongvan-train/train/teco/Image-279_2024-12-02.jpg,3,4,8,18
/home/dubu/manh/dongvan-yolo/dataset-dongvan-train/train/teco/Image-299_2024-12-02.jpg,3,4,8,18
/home/dubu/manh/dongvan-yolo/dataset-dongvan-train/train/teco/Image-252_2024-12-02.jpg,3,4,8,18
/home/dubu/manh/dongvan-yolo/dataset-dongvan-train/train/teco/Image-317_2024-12-02.jpg,3,4,8,18
/home/dubu/manh/dongvan-yolo/dataset-dongvan-train/train/teco/Image-301_2024-12-02.jpg,3,4,8,18
/home/dubu/manh/dongvan-yolo/dataset-dongvan-train/train/teco/Image-327_2024-12-02.jpg,3,4,8,18
/home/dubu/manh/dongvan-yolo/dataset-dongvan-train/train/teco/Image-296_2024-12-02.jpg,3,4,8,18
/home/dubu/manh/dongvan-yolo/dataset-dongvan-train/train/teco/Image-292_2024-12-02.jpg,3,4,8,18
/home/dubu/manh/dongvan-yolo/dataset-dongvan-train/train/teco/Image-289_2024-12-02.jpg,3,4,8,18
/home/dubu/manh/dongvan-yolo/dataset-dongvan-train/train/teco/Image-244_2024-12-02.jpg,3,4,8,18
/home/dubu/manh/dongvan-yolo/dataset-dongvan-train/train/teco/Image-280_2024-12-02.jpg,3,4,8,18
/home/dubu/manh/dongvan-yolo/dataset-dongvan-train/train/teco/Image-332_2024-12-02.jpg,3,4,8,18
/home/dubu/manh/dongvan-yolo/dataset-dongvan-train/train/teco/Image-253_2024-12-02.jpg,3,4,8,18
/home/dubu/manh/dongvan-yolo/dataset-dongvan-train/train/teco/Image-257_2024-12-02.jpg,3,4,8,18
/home/dubu/manh/dongvan-yolo/dataset-dongvan-train/train/teco/Image-286_2024-12-02.jpg,3,4,8,18
/home/dubu/manh/dongvan-yolo/dataset-dongvan-train/train/teco/Image-287_2024-12-02.jpg,3,4,8,18
/home/dubu/manh/dongvan-yolo/dataset-dongvan-train/train/teco/Image-312_2024-12-02.jpg,3,4,8,18
/home/dubu/manh/dongvan-yolo/dataset-dongvan-train/train/teco/Image-240_2024-12-02.jpg,3,4,8,18
/home/dubu/manh/dongvan-yolo/dataset-dongvan-train/train/teco/Image-248_2024-12-02.jpg,3,4,8,18
/home/dubu/manh/dongvan-yolo/dataset-dongvan-train/train/teco/Image-293_2024-12-02.jpg,3,4,8,18
/home/dubu/manh/dongvan-yolo/dataset-dongvan-train/train/teco/Image-302_2024-12-02.jpg,3,4,8,18
/home/dubu/manh/dongvan-yolo/dataset-dongvan-train/train/teco/Image-249_2024-12-02.jpg,3,4,8,18
/home/dubu/manh/dongvan-yolo/dataset-dongvan-train/train/teco/Image-241_2024-12-02.jpg,3,4,8,18
/home/dubu/manh/dongvan-yolo/dataset-dongvan-train/train/teco/Image-262_2024-12-02.jpg,3,4,8,18
/home/dubu/manh/dongvan-yolo/dataset-dongvan-train/train/teco/Image-246_2024-12-02.jpg,3,4,8,18
/home/dubu/manh/dongvan-yolo/dataset-dongvan-train/train/teco/Image-333_2024-12-02.jpg,3,4,8,18
/home/dubu/manh/dongvan-yolo/dataset-dongvan-train/train/teco/Image-300_2024-12-02.jpg,3,4,8,18
/home/dubu/manh/dongvan-yolo/dataset-dongvan-train/train/teco/Image-330_2024-12-02.jpg,3,4,8,18
/home/dubu/manh/dongvan-yolo/dataset-dongvan-train/train/teco/Image-329_2024-12-02.jpg,3,4,8,18
/home/dubu/manh/dongvan-yolo/dataset-dongvan-train/train/teco/Image-316_2024-12-02.jpg,3,4,8,18
/home/dubu/manh/dongvan-yolo/dataset-dongvan-train/train/teco/Image-277_2024-12-02.jpg,3,4,8,18
/home/dubu/manh/dongvan-yolo/dataset-dongvan-train/train/teco/Image-319_2024-12-02.jpg,3,4,8,18
/home/dubu/manh/dongvan-yolo/dataset-dongvan-train/train/teco/Image-322_2024-12-02.jpg,3,4,8,18
/home/dubu/manh/dongvan-yolo/dataset-dongvan-train/train/teco/Image-314_2024-12-02.jpg,3,4,8,18
/home/dubu/manh/dongvan-yolo/dataset-dongvan-train/train/teco/Image-283_2024-12-02.jpg,3,4,8,18
/home/dubu/manh/dongvan-yolo/dataset-dongvan-train/train/teco/Image-267_2024-12-02.jpg,3,4,8,18
/home/dubu/manh/dongvan-yolo/dataset-dongvan-train/train/teco/Image-285_2024-12-02.jpg,3,4,8,18
/home/dubu/manh/dongvan-yolo/dataset-dongvan-train/train/teco/Image-307_2024-12-02.jpg,3,4,8,18
/home/dubu/manh/dongvan-yolo/dataset-dongvan-train/train/teco/Image-326_2024-12-02.jpg,3,4,8,18
/home/dubu/manh/dongvan-yolo/dataset-dongvan-train/train/teco/Image-274_2024-12-02.jpg,3,4,8,18
/home/dubu/manh/dongvan-yolo/dataset-dongvan-train/train/teco/Image-258_2024-12-02.jpg,3,4,8,18
/home/dubu/manh/dongvan-yolo/dataset-dongvan-train/train/teco/Image-308_2024-12-02.jpg,3,4,8,18
/home/dubu/manh/dongvan-yolo/dataset-dongvan-train/train/tith/Image-103_2024-12-17.jpg,1,1,11,19
/home/dubu/manh/dongvan-yolo/dataset-dongvan-train/train/tith/Image-113_2024-12-17.jpg,1,1,11,19
/home/dubu/manh/dongvan-yolo/dataset-dongvan-train/train/tith/Image-115_2024-12-17.jpg,1,1,11,19
/home/dubu/manh/dongvan-yolo/dataset-dongvan-train/train/tith/Image-49_2024-12-17.jpg,1,1,11,19
/home/dubu/manh/dongvan-yolo/dataset-dongvan-train/train/tith/Image-104_2024-12-17.jpg,1,1,11,19
/home/dubu/manh/dongvan-yolo/dataset-dongvan-train/train/tith/Image-84_2024-12-17.jpg,1,1,11,19
/home/dubu/manh/dongvan-yolo/dataset-dongvan-train/train/tith/Image-46_2024-12-17.jpg,1,1,11,19
/home/dubu/manh/dongvan-yolo/dataset-dongvan-train/train/tith/Image-109_2024-12-17.jpg,1,1,11,19
/home/dubu/manh/dongvan-yolo/dataset-dongvan-train/train/tith/Image-7_2024-12-17.jpg,1,1,11,19
/home/dubu/manh/dongvan-yolo/dataset-dongvan-train/train/tith/Image-2_2024-12-17.jpg,1,1,11,19
/home/dubu/manh/dongvan-yolo/dataset-dongvan-train/train/tith/Image-3_2024-12-17.jpg,1,1,11,19
/home/dubu/manh/dongvan-yolo/dataset-dongvan-train/train/tith/Image-39_2024-12-17.jpg,1,1,11,19
/home/dubu/manh/dongvan-yolo/dataset-dongvan-train/train/tith/Image-54_2024-12-17.jpg,1,1,11,19
/home/dubu/manh/dongvan-yolo/dataset-dongvan-train/train/tith/Image-19_2024-12-17.jpg,1,1,11,19
/home/dubu/manh/dongvan-yolo/dataset-dongvan-train/train/tith/Image-108_2024-12-17.jpg,1,1,11,19
/home/dubu/manh/dongvan-yolo/dataset-dongvan-train/train/tith/Image-56_2024-12-17.jpg,1,1,11,19
/home/dubu/manh/dongvan-yolo/dataset-dongvan-train/train/tith/Image-30_2024-12-17.jpg,1,1,11,19
/home/dubu/manh/dongvan-yolo/dataset-dongvan-train/train/tith/Image-60_2024-12-17.jpg,1,1,11,19
/home/dubu/manh/dongvan-yolo/dataset-dongvan-train/train/tith/Image-25_2024-12-17.jpg,1,1,11,19
/home/dubu/manh/dongvan-yolo/dataset-dongvan-train/train/tith/Image-99_2024-12-17.jpg,1,1,11,19
/home/dubu/manh/dongvan-yolo/dataset-dongvan-train/train/tith/Image-13_2024-12-17.jpg,1,1,11,19
/home/dubu/manh/dongvan-yolo/dataset-dongvan-train/train/tith/Image-9_2024-12-17.jpg,1,1,11,19
/home/dubu/manh/dongvan-yolo/dataset-dongvan-train/train/tith/Image-112_2024-12-17.jpg,1,1,11,19
/home/dubu/manh/dongvan-yolo/dataset-dongvan-train/train/tith/Image-69_2024-12-17.jpg,1,1,11,19
/home/dubu/manh/dongvan-yolo/dataset-dongvan-train/train/tith/Image-101_2024-12-17.jpg,1,1,11,19
/home/dubu/manh/dongvan-yolo/dataset-dongvan-train/train/tith/Image-82_2024-12-17.jpg,1,1,11,19
/home/dubu/manh/dongvan-yolo/dataset-dongvan-train/train/tith/Image-1_2024-12-17.jpg,1,1,11,19
/home/dubu/manh/dongvan-yolo/dataset-dongvan-train/train/tith/Image-71_2024-12-17.jpg,1,1,11,19
/home/dubu/manh/dongvan-yolo/dataset-dongvan-train/train/tith/Image-22_2024-12-17.jpg,1,1,11,19
/home/dubu/manh/dongvan-yolo/dataset-dongvan-train/train/tith/Image-16_2024-12-17.jpg,1,1,11,19
/home/dubu/manh/dongvan-yolo/dataset-dongvan-train/train/tith/Image-100_2024-12-17.jpg,1,1,11,19
/home/dubu/manh/dongvan-yolo/dataset-dongvan-train/train/tith/Image-11_2024-12-17.jpg,1,1,11,19
/home/dubu/manh/dongvan-yolo/dataset-dongvan-train/train/tith/Image-33_2024-12-17.jpg,1,1,11,19
/home/dubu/manh/dongvan-yolo/dataset-dongvan-train/train/tith/Image-0_2024-12-17.jpg,1,1,11,19
/home/dubu/manh/dongvan-yolo/dataset-dongvan-train/train/tith/Image-114_2024-12-17.jpg,1,1,11,19
/home/dubu/manh/dongvan-yolo/dataset-dongvan-train/train/tith/Image-72_2024-12-17.jpg,1,1,11,19
/home/dubu/manh/dongvan-yolo/dataset-dongvan-train/train/tith/Image-15_2024-12-17.jpg,1,1,11,19
/home/dubu/manh/dongvan-yolo/dataset-dongvan-train/train/tith/Image-6_2024-12-17.jpg,1,1,11,19
/home/dubu/manh/dongvan-yolo/dataset-dongvan-train/train/tith/Image-77_2024-12-17.jpg,1,1,11,19
/home/dubu/manh/dongvan-yolo/dataset-dongvan-train/train/tith/Image-10_2024-12-17.jpg,1,1,11,19
/home/dubu/manh/dongvan-yolo/dataset-dongvan-train/train/tith/Image-64_2024-12-17.jpg,1,1,11,19
/home/dubu/manh/dongvan-yolo/dataset-dongvan-train/train/tith/Image-43_2024-12-17.jpg,1,1,11,19
/home/dubu/manh/dongvan-yolo/dataset-dongvan-train/train/tith/Image-34_2024-12-17.jpg,1,1,11,19
/home/dubu/manh/dongvan-yolo/dataset-dongvan-train/train/tith/Image-55_2024-12-17.jpg,1,1,11,19
/home/dubu/manh/dongvan-yolo/dataset-dongvan-train/train/tith/Image-51_2024-12-17.jpg,1,1,11,19
/home/dubu/manh/dongvan-yolo/dataset-dongvan-train/train/tith/Image-87_2024-12-17.jpg,1,1,11,19
/home/dubu/manh/dongvan-yolo/dataset-dongvan-train/train/tith/Image-12_2024-12-17.jpg,1,1,11,19
/home/dubu/manh/dongvan-yolo/dataset-dongvan-train/train/tith/Image-5_2024-12-17.jpg,1,1,11,19
/home/dubu/manh/dongvan-yolo/dataset-dongvan-train/train/tith/Image-47_2024-12-17.jpg,1,1,11,19
/home/dubu/manh/dongvan-yolo/dataset-dongvan-train/train/tith/Image-52_2024-12-17.jpg,1,1,11,19
/home/dubu/manh/dongvan-yolo/dataset-dongvan-train/train/tith/Image-97_2024-12-17.jpg,1,1,11,19
/home/dubu/manh/dongvan-yolo/dataset-dongvan-train/train/tith/Image-67_2024-12-17.jpg,1,1,11,19
/home/dubu/manh/dongvan-yolo/dataset-dongvan-train/train/tith/Image-17_2024-12-17.jpg,1,1,11,19
/home/dubu/manh/dongvan-yolo/dataset-dongvan-train/train/tith/Image-96_2024-12-17.jpg,1,1,11,19
/home/dubu/manh/dongvan-yolo/dataset-dongvan-train/train/tith/Image-70_2024-12-17.jpg,1,1,11,19
/home/dubu/manh/dongvan-yolo/dataset-dongvan-train/train/tith/Image-90_2024-12-17.jpg,1,1,11,19
/home/dubu/manh/dongvan-yolo/dataset-dongvan-train/train/tith/Image-31_2024-12-17.jpg,1,1,11,19
/home/dubu/manh/dongvan-yolo/dataset-dongvan-train/train/tith/Image-62_2024-12-17.jpg,1,1,11,19
/home/dubu/manh/dongvan-yolo/dataset-dongvan-train/train/tith/Image-88_2024-12-17.jpg,1,1,11,19
/home/dubu/manh/dongvan-yolo/dataset-dongvan-train/train/tith/Image-50_2024-12-17.jpg,1,1,11,19
/home/dubu/manh/dongvan-yolo/dataset-dongvan-train/train/tith/Image-84_2024-12-17 - Copy.jpg,1,1,11,19
/home/dubu/manh/dongvan-yolo/dataset-dongvan-train/train/tith/Image-35_2024-12-17.jpg,1,1,11,19
/home/dubu/manh/dongvan-yolo/dataset-dongvan-train/train/tith/Image-85_2024-12-17.jpg,1,1,11,19
/home/dubu/manh/dongvan-yolo/dataset-dongvan-train/train/tith/Image-83_2024-12-17.jpg,1,1,11,19
/home/dubu/manh/dongvan-yolo/dataset-dongvan-train/train/tith/Image-63_2024-12-17.jpg,1,1,11,19
/home/dubu/manh/dongvan-yolo/dataset-dongvan-train/train/tith/Image-42_2024-12-17.jpg,1,1,11,19
/home/dubu/manh/dongvan-yolo/dataset-dongvan-train/train/tith/Image-23_2024-12-17.jpg,1,1,11,19
/home/dubu/manh/dongvan-yolo/dataset-dongvan-train/train/tith/Image-14_2024-12-17.jpg,1,1,11,19
/home/dubu/manh/dongvan-yolo/dataset-dongvan-train/train/tith/Image-110_2024-12-17.jpg,1,1,11,19
/home/dubu/manh/dongvan-yolo/dataset-dongvan-train/train/tith/Image-29_2024-12-17.jpg,1,1,11,19
/home/dubu/manh/dongvan-yolo/dataset-dongvan-train/train/tith/Image-40_2024-12-17.jpg,1,1,11,19
/home/dubu/manh/dongvan-yolo/dataset-dongvan-train/train/tith/Image-8_2024-12-17.jpg,1,1,11,19
/home/dubu/manh/dongvan-yolo/dataset-dongvan-train/train/tith/Image-91_2024-12-17.jpg,1,1,11,19
/home/dubu/manh/dongvan-yolo/dataset-dongvan-train/train/tith/Image-41_2024-12-17.jpg,1,1,11,19
/home/dubu/manh/dongvan-yolo/dataset-dongvan-train/train/tith/Image-24_2024-12-17.jpg,1,1,11,19
/home/dubu/manh/dongvan-yolo/dataset-dongvan-train/train/tith/Image-26_2024-12-17.jpg,1,1,11,19
/home/dubu/manh/dongvan-yolo/dataset-dongvan-train/train/tith/Image-53_2024-12-17.jpg,1,1,11,19
/home/dubu/manh/dongvan-yolo/dataset-dongvan-train/train/tith/Image-93_2024-12-17.jpg,1,1,11,19
/home/dubu/manh/dongvan-yolo/dataset-dongvan-train/train/tith/Image-18_2024-12-17.jpg,1,1,11,19
/home/dubu/manh/dongvan-yolo/dataset-dongvan-train/train/tith/Image-75_2024-12-17.jpg,1,1,11,19
/home/dubu/manh/dongvan-yolo/dataset-dongvan-train/train/tith/Image-38_2024-12-17.jpg,1,1,11,19
/home/dubu/manh/dongvan-yolo/dataset-dongvan-train/train/tith/Image-21_2024-12-17.jpg,1,1,11,19
/home/dubu/manh/dongvan-yolo/dataset-dongvan-train/train/tith/Image-37_2024-12-17.jpg,1,1,11,19
/home/dubu/manh/dongvan-yolo/dataset-dongvan-train/train/tith/Image-98_2024-12-17.jpg,1,1,11,19
/home/dubu/manh/dongvan-yolo/dataset-dongvan-train/train/tith/Image-68_2024-12-17.jpg,1,1,11,19
/home/dubu/manh/dongvan-yolo/dataset-dongvan-train/train/tith/Image-48_2024-12-17.jpg,1,1,11,19
/home/dubu/manh/dongvan-yolo/dataset-dongvan-train/train/tith/Image-45_2024-12-17.jpg,1,1,11,19
/home/dubu/manh/dongvan-yolo/dataset-dongvan-train/train/tore/Image-72_2024-12-01.jpg,3,6,10,20
/home/dubu/manh/dongvan-yolo/dataset-dongvan-train/train/tore/Image-81_2024-12-01.jpg,3,6,10,20
/home/dubu/manh/dongvan-yolo/dataset-dongvan-train/train/tore/Image-100_2024-12-01.jpg,3,6,10,20
/home/dubu/manh/dongvan-yolo/dataset-dongvan-train/train/tore/Image-103_2024-12-01.jpg,3,6,10,20
/home/dubu/manh/dongvan-yolo/dataset-dongvan-train/train/tore/Image-98_2024-12-01.jpg,3,6,10,20
/home/dubu/manh/dongvan-yolo/dataset-dongvan-train/train/tore/Image-25_2024-12-01.jpg,3,6,10,20
/home/dubu/manh/dongvan-yolo/dataset-dongvan-train/train/tore/Image-40_2024-12-01.jpg,3,6,10,20
/home/dubu/manh/dongvan-yolo/dataset-dongvan-train/train/tore/Image-9_2024-12-01.jpg,3,6,10,20
/home/dubu/manh/dongvan-yolo/dataset-dongvan-train/train/tore/Image-32_2024-12-01.jpg,3,6,10,20
/home/dubu/manh/dongvan-yolo/dataset-dongvan-train/train/tore/Image-65_2024-12-01.jpg,3,6,10,20
/home/dubu/manh/dongvan-yolo/dataset-dongvan-train/train/tore/Image-96_2024-12-01.jpg,3,6,10,20
/home/dubu/manh/dongvan-yolo/dataset-dongvan-train/train/tore/Image-14_2024-12-01.jpg,3,6,10,20
/home/dubu/manh/dongvan-yolo/dataset-dongvan-train/train/tore/Image-6_2024-12-01.jpg,3,6,10,20
/home/dubu/manh/dongvan-yolo/dataset-dongvan-train/train/tore/Image-0_2024-12-01.jpg,3,6,10,20
/home/dubu/manh/dongvan-yolo/dataset-dongvan-train/train/tore/Image-37_2024-12-01.jpg,3,6,10,20
/home/dubu/manh/dongvan-yolo/dataset-dongvan-train/train/tore/Image-87_2024-12-01.jpg,3,6,10,20
/home/dubu/manh/dongvan-yolo/dataset-dongvan-train/train/tore/Image-97_2024-12-01.jpg,3,6,10,20
/home/dubu/manh/dongvan-yolo/dataset-dongvan-train/train/tore/Image-63_2024-12-01.jpg,3,6,10,20
/home/dubu/manh/dongvan-yolo/dataset-dongvan-train/train/tore/Image-24_2024-12-01.jpg,3,6,10,20
/home/dubu/manh/dongvan-yolo/dataset-dongvan-train/train/tore/Image-10_2024-12-01.jpg,3,6,10,20
/home/dubu/manh/dongvan-yolo/dataset-dongvan-train/train/tore/Image-41_2024-12-01.jpg,3,6,10,20
/home/dubu/manh/dongvan-yolo/dataset-dongvan-train/train/tore/Image-5_2024-12-01.jpg,3,6,10,20
/home/dubu/manh/dongvan-yolo/dataset-dongvan-train/train/tore/Image-4_2024-12-01.jpg,3,6,10,20
/home/dubu/manh/dongvan-yolo/dataset-dongvan-train/train/tore/Image-48_2024-12-01.jpg,3,6,10,20
/home/dubu/manh/dongvan-yolo/dataset-dongvan-train/train/tore/Image-12_2024-12-01.jpg,3,6,10,20
/home/dubu/manh/dongvan-yolo/dataset-dongvan-train/train/tore/Image-30_2024-12-01.jpg,3,6,10,20
/home/dubu/manh/dongvan-yolo/dataset-dongvan-train/train/tore/Image-80_2024-12-01.jpg,3,6,10,20
/home/dubu/manh/dongvan-yolo/dataset-dongvan-train/train/tore/Image-61_2024-12-01.jpg,3,6,10,20
/home/dubu/manh/dongvan-yolo/dataset-dongvan-train/train/tore/Image-23_2024-12-01.jpg,3,6,10,20
/home/dubu/manh/dongvan-yolo/dataset-dongvan-train/train/tore/Image-15_2024-12-01.jpg,3,6,10,20
/home/dubu/manh/dongvan-yolo/dataset-dongvan-train/train/tore/Image-52_2024-12-01.jpg,3,6,10,20
/home/dubu/manh/dongvan-yolo/dataset-dongvan-train/train/tore/Image-83_2024-12-01.jpg,3,6,10,20
/home/dubu/manh/dongvan-yolo/dataset-dongvan-train/train/tore/Image-35_2024-12-01.jpg,3,6,10,20
/home/dubu/manh/dongvan-yolo/dataset-dongvan-train/train/tore/Image-7_2024-12-01.jpg,3,6,10,20
/home/dubu/manh/dongvan-yolo/dataset-dongvan-train/train/tore/Image-38_2024-12-01.jpg,3,6,10,20
/home/dubu/manh/dongvan-yolo/dataset-dongvan-train/train/tore/Image-50_2024-12-01.jpg,3,6,10,20
/home/dubu/manh/dongvan-yolo/dataset-dongvan-train/train/tore/Image-93_2024-12-01.jpg,3,6,10,20
/home/dubu/manh/dongvan-yolo/dataset-dongvan-train/train/tore/Image-28_2024-12-01.jpg,3,6,10,20
/home/dubu/manh/dongvan-yolo/dataset-dongvan-train/train/tore/Image-64_2024-12-01.jpg,3,6,10,20
/home/dubu/manh/dongvan-yolo/dataset-dongvan-train/train/tore/Image-77_2024-12-01.jpg,3,6,10,20
/home/dubu/manh/dongvan-yolo/dataset-dongvan-train/train/tore/Image-11_2024-12-01.jpg,3,6,10,20
/home/dubu/manh/dongvan-yolo/dataset-dongvan-train/train/tore/Image-78_2024-12-01.jpg,3,6,10,20
/home/dubu/manh/dongvan-yolo/dataset-dongvan-train/train/tore/Image-101_2024-12-01.jpg,3,6,10,20
/home/dubu/manh/dongvan-yolo/dataset-dongvan-train/train/tore/Image-74_2024-12-01.jpg,3,6,10,20
/home/dubu/manh/dongvan-yolo/dataset-dongvan-train/train/tore/Image-19_2024-12-01.jpg,3,6,10,20
/home/dubu/manh/dongvan-yolo/dataset-dongvan-train/train/tore/Image-67_2024-12-01.jpg,3,6,10,20
/home/dubu/manh/dongvan-yolo/dataset-dongvan-train/train/tore/Image-71_2024-12-01.jpg,3,6,10,20
/home/dubu/manh/dongvan-yolo/dataset-dongvan-train/train/tore/Image-94_2024-12-01.jpg,3,6,10,20
/home/dubu/manh/dongvan-yolo/dataset-dongvan-train/train/tore/Image-33_2024-12-01.jpg,3,6,10,20
/home/dubu/manh/dongvan-yolo/dataset-dongvan-train/train/tore/Image-85_2024-12-01.jpg,3,6,10,20
/home/dubu/manh/dongvan-yolo/dataset-dongvan-train/train/tore/Image-13_2024-12-01.jpg,3,6,10,20
/home/dubu/manh/dongvan-yolo/dataset-dongvan-train/train/tore/Image-79_2024-12-01.jpg,3,6,10,20
/home/dubu/manh/dongvan-yolo/dataset-dongvan-train/train/tore/Image-58_2024-12-01.jpg,3,6,10,20
/home/dubu/manh/dongvan-yolo/dataset-dongvan-train/train/tore/Image-21_2024-12-01.jpg,3,6,10,20
/home/dubu/manh/dongvan-yolo/dataset-dongvan-train/train/tore/Image-2_2024-12-01.jpg,3,6,10,20
/home/dubu/manh/dongvan-yolo/dataset-dongvan-train/train/tore/Image-34_2024-12-01.jpg,3,6,10,20
/home/dubu/manh/dongvan-yolo/dataset-dongvan-train/train/tore/Image-16_2024-12-01.jpg,3,6,10,20
/home/dubu/manh/dongvan-yolo/dataset-dongvan-train/train/tore/Image-8_2024-12-01.jpg,3,6,10,20
/home/dubu/manh/dongvan-yolo/dataset-dongvan-train/train/tore/Image-18_2024-12-01.jpg,3,6,10,20
/home/dubu/manh/dongvan-yolo/dataset-dongvan-train/train/tore/Image-99_2024-12-01.jpg,3,6,10,20
/home/dubu/manh/dongvan-yolo/dataset-dongvan-train/train/trid/Image-215_2024-11-30.jpg,1,1,4,21
/home/dubu/manh/dongvan-yolo/dataset-dongvan-train/train/trid/Image-271_2024-11-30.jpg,1,1,4,21
/home/dubu/manh/dongvan-yolo/dataset-dongvan-train/train/trid/Image-258_2024-11-30.jpg,1,1,4,21
/home/dubu/manh/dongvan-yolo/dataset-dongvan-train/train/trid/Image-285_2024-11-30.jpg,1,1,4,21
/home/dubu/manh/dongvan-yolo/dataset-dongvan-train/train/trid/Image-208_2024-11-30.jpg,1,1,4,21
/home/dubu/manh/dongvan-yolo/dataset-dongvan-train/train/trid/Image-280_2024-11-30.jpg,1,1,4,21
/home/dubu/manh/dongvan-yolo/dataset-dongvan-train/train/trid/Image-216_2024-11-30.jpg,1,1,4,21
/home/dubu/manh/dongvan-yolo/dataset-dongvan-train/train/trid/Image-239_2024-11-30.jpg,1,1,4,21
/home/dubu/manh/dongvan-yolo/dataset-dongvan-train/train/trid/Image-218_2024-11-30.jpg,1,1,4,21
/home/dubu/manh/dongvan-yolo/dataset-dongvan-train/train/trid/Image-281_2024-11-30.jpg,1,1,4,21
/home/dubu/manh/dongvan-yolo/dataset-dongvan-train/train/trid/Image-276_2024-11-30.jpg,1,1,4,21
/home/dubu/manh/dongvan-yolo/dataset-dongvan-train/train/trid/Image-217_2024-11-30.jpg,1,1,4,21
/home/dubu/manh/dongvan-yolo/dataset-dongvan-train/train/trid/Image-213_2024-11-30.jpg,1,1,4,21
/home/dubu/manh/dongvan-yolo/dataset-dongvan-train/train/trid/Image-267_2024-11-30.jpg,1,1,4,21
/home/dubu/manh/dongvan-yolo/dataset-dongvan-train/train/trid/Image-288_2024-11-30.jpg,1,1,4,21
/home/dubu/manh/dongvan-yolo/dataset-dongvan-train/train/trid/Image-225_2024-11-30.jpg,1,1,4,21
/home/dubu/manh/dongvan-yolo/dataset-dongvan-train/train/trid/Image-259_2024-11-30.jpg,1,1,4,21
/home/dubu/manh/dongvan-yolo/dataset-dongvan-train/train/trid/Image-219_2024-11-30.jpg,1,1,4,21
/home/dubu/manh/dongvan-yolo/dataset-dongvan-train/train/trid/Image-270_2024-11-30.jpg,1,1,4,21
/home/dubu/manh/dongvan-yolo/dataset-dongvan-train/train/trid/Image-256_2024-11-30.jpg,1,1,4,21
/home/dubu/manh/dongvan-yolo/dataset-dongvan-train/train/trid/Image-265_2024-11-30.jpg,1,1,4,21
/home/dubu/manh/dongvan-yolo/dataset-dongvan-train/train/trid/Image-262_2024-11-30.jpg,1,1,4,21
/home/dubu/manh/dongvan-yolo/dataset-dongvan-train/train/trid/Image-244_2024-11-30.jpg,1,1,4,21
/home/dubu/manh/dongvan-yolo/dataset-dongvan-train/train/trid/Image-289_2024-11-30.jpg,1,1,4,21
/home/dubu/manh/dongvan-yolo/dataset-dongvan-train/train/trid/Image-268_2024-11-30.jpg,1,1,4,21
/home/dubu/manh/dongvan-yolo/dataset-dongvan-train/train/trid/Image-247_2024-11-30.jpg,1,1,4,21
/home/dubu/manh/dongvan-yolo/dataset-dongvan-train/train/trid/Image-273_2024-11-30.jpg,1,1,4,21
/home/dubu/manh/dongvan-yolo/dataset-dongvan-train/train/trid/Image-235_2024-11-30.jpg,1,1,4,21
/home/dubu/manh/dongvan-yolo/dataset-dongvan-train/train/trid/Image-237_2024-11-30.jpg,1,1,4,21
/home/dubu/manh/dongvan-yolo/dataset-dongvan-train/train/trid/Image-220_2024-11-30.jpg,1,1,4,21
/home/dubu/manh/dongvan-yolo/dataset-dongvan-train/train/trid/Image-223_2024-11-30.jpg,1,1,4,21
/home/dubu/manh/dongvan-yolo/dataset-dongvan-train/train/trid/Image-264_2024-11-30.jpg,1,1,4,21
/home/dubu/manh/dongvan-yolo/dataset-dongvan-train/train/trid/Image-279_2024-11-30.jpg,1,1,4,21
/home/dubu/manh/dongvan-yolo/dataset-dongvan-train/train/trid/Image-212_2024-11-30.jpg,1,1,4,21
/home/dubu/manh/dongvan-yolo/dataset-dongvan-train/train/trid/Image-203_2024-11-30.jpg,1,1,4,21
/home/dubu/manh/dongvan-yolo/dataset-dongvan-train/train/trid/Image-231_2024-11-30.jpg,1,1,4,21
/home/dubu/manh/dongvan-yolo/dataset-dongvan-train/train/trid/Image-204_2024-11-30.jpg,1,1,4,21
/home/dubu/manh/dongvan-yolo/dataset-dongvan-train/train/trid/Image-221_2024-11-30.jpg,1,1,4,21
/home/dubu/manh/dongvan-yolo/dataset-dongvan-train/train/trid/Image-242_2024-11-30.jpg,1,1,4,21
/home/dubu/manh/dongvan-yolo/dataset-dongvan-train/train/trid/Image-260_2024-11-30.jpg,1,1,4,21
/home/dubu/manh/dongvan-yolo/dataset-dongvan-train/train/trid/Image-287_2024-11-30.jpg,1,1,4,21
/home/dubu/manh/dongvan-yolo/dataset-dongvan-train/train/trid/Image-201_2024-11-30.jpg,1,1,4,21
/home/dubu/manh/dongvan-yolo/dataset-dongvan-train/train/trid/Image-254_2024-11-30.jpg,1,1,4,21
/home/dubu/manh/dongvan-yolo/dataset-dongvan-train/train/trid/Image-283_2024-11-30.jpg,1,1,4,21
/home/dubu/manh/dongvan-yolo/dataset-dongvan-train/train/trid/Image-274_2024-11-30.jpg,1,1,4,21
/home/dubu/manh/dongvan-yolo/dataset-dongvan-train/train/trid/Image-286_2024-11-30.jpg,1,1,4,21
/home/dubu/manh/dongvan-yolo/dataset-dongvan-train/train/trid/Image-290_2024-11-30.jpg,1,1,4,21
/home/dubu/manh/dongvan-yolo/dataset-dongvan-train/train/trid/Image-272_2024-11-30.jpg,1,1,4,21
/home/dubu/manh/dongvan-yolo/dataset-dongvan-train/train/trid/Image-241_2024-11-30.jpg,1,1,4,21
/home/dubu/manh/dongvan-yolo/dataset-dongvan-train/train/trid/Image-250_2024-11-30.jpg,1,1,4,21
/home/dubu/manh/dongvan-yolo/dataset-dongvan-train/train/trid/Image-243_2024-11-30.jpg,1,1,4,21
/home/dubu/manh/dongvan-yolo/dataset-dongvan-train/train/trid/Image-245_2024-11-30.jpg,1,1,4,21
/home/dubu/manh/dongvan-yolo/dataset-dongvan-train/train/trid/Image-246_2024-11-30.jpg,1,1,4,21
/home/dubu/manh/dongvan-yolo/dataset-dongvan-train/train/trid/Image-277_2024-11-30.jpg,1,1,4,21
/home/dubu/manh/dongvan-yolo/dataset-dongvan-train/train/trid/Image-282_2024-11-30.jpg,1,1,4,21
/home/dubu/manh/dongvan-yolo/dataset-dongvan-train/train/trid/Image-228_2024-11-30.jpg,1,1,4,21
/home/dubu/manh/dongvan-yolo/dataset-dongvan-train/train/trid/Image-209_2024-11-30.jpg,1,1,4,21
/home/dubu/manh/dongvan-yolo/dataset-dongvan-train/train/trid/Image-226_2024-11-30.jpg,1,1,4,21
/home/dubu/manh/dongvan-yolo/dataset-dongvan-train/train/trid/Image-207_2024-11-30.jpg,1,1,4,21
/home/dubu/manh/dongvan-yolo/dataset-dongvan-train/train/trid/Image-278_2024-11-30.jpg,1,1,4,21
/home/dubu/manh/dongvan-yolo/dataset-dongvan-train/train/trid/Image-275_2024-11-30.jpg,1,1,4,21
/home/dubu/manh/dongvan-yolo/dataset-dongvan-train/train/trid/Image-266_2024-11-30.jpg,1,1,4,21
/home/dubu/manh/dongvan-yolo/dataset-dongvan-train/train/trid/Image-263_2024-11-30.jpg,1,1,4,21
/home/dubu/manh/dongvan-yolo/dataset-dongvan-train/train/trid/Image-222_2024-11-30.jpg,1,1,4,21
/home/dubu/manh/dongvan-yolo/dataset-dongvan-train/train/trid/Image-261_2024-11-30.jpg,1,1,4,21
/home/dubu/manh/dongvan-yolo/dataset-dongvan-train/train/trid/Image-205_2024-11-30.jpg,1,1,4,21
/home/dubu/manh/dongvan-yolo/dataset-dongvan-train/train/trid/Image-234_2024-11-30.jpg,1,1,4,21
/home/dubu/manh/dongvan-yolo/dataset-dongvan-train/train/trid/Image-232_2024-11-30.jpg,1,1,4,21
